SEQ COD;DATA;BP;CLIENTE;UF;MUNICIPIO;NF;CÓDIGO;PRODUTO;QTD;R$ UN VND;VALOR;LOTE;REP;CANAL;MOTIVO;OBS;TRATATIVA;ANALISTA
4587075182;01/08/2025;75182;MHR TRANSPORTE E COMERCIO DE CONFECCOES LTDA;RS;SANTA MARIA;153512.0;904706;AQUARELA BAZZE 12 CORES CJTO;25.0;48.154;120.385;;MAX BREUEL E CIA LTDA;UNIDADE;DEFEITO;DERRETIMENTO;DEVOLUÇÃO;ANDREIA AGUIAR GARCIA GASPARONI
4587065795;01/08/2025;65795;PAPERBLUE DISTRIBUIDORA DE EQUIPAMEE PAPELARIA LTDA;PB;JOAO PESSOA;127846.0;904645;GRAMP BAZZE HEAVY DUTY B5100 100F MET UN;1.0;34.32;34.32;;A E G REPRESENTACOES LTDA;UNIDADE;DEFEITO;NÃO ESTA GRAMPEANDO;ABATIMENTO;ADRIANO FALCAO SARMENTO
4587068882;01/08/2025;68882;FRANCISCA DIAS DE ANDRADE RODRIGUES;PB;JOAO PESSOA;138000.0;905093;CANETA GEL TRIS RAINBOW 1.0 DP 24UN;5.0;3.84;19.2;;A E G REPRESENTACOES LTDA;DISPLAY;DEFEITO;CANETAS COM VAZAMENTO;ABATIMENTO;ADRIANO FALCAO SARMENTO
4587175728;02/08/2025;75728;ROSELI GONCALVES FOTOCOPIAS;PR;CURITIBA;155682.0;909015;CANETA GEL APAGAVEL BAZZE 1.0MM DP24UN;1.0;84.36;84.36;;ETK REPRESENTACOES COMERCIAIS LTDA;DISPLAY;DEFEITO;CANETAS SECAS;ABATIMENTO;GABRIELA SOUZA DOS SANTOS
4587676612;07/08/2025;76612;CASA MIX UTILIDADES DOMESTICAS BRINQUEDOS E PAPELARIA LTDA;PR;CURITIBA;123655.0;904706;AQUARELA BAZZE 12 CORES CJTO;4.0;4.54;18.16;;ETK REPRESENTACOES COMERCIAIS LTDA;UNIDADE;DEFEITO;DERRETIMENTO;ABATIMENTO;GABRIELA SOUZA DOS SANTOS
4587676612;07/08/2025;76612;CASA MIX UTILIDADES DOMESTICAS BRINQUEDOS E PAPELARIA LTDA;PR;CURITIBA;119613.0;614564;PERF BAZZE 2 FUROS B6210 10F METAL PTOUN;1.0;5.9;5.9;;ETK REPRESENTACOES COMERCIAIS LTDA;UNIDADE;DEFEITO;NÃO FUNCIONA;ABATIMENTO;GABRIELA SOUZA DOS SANTOS
4587635714;07/08/2025;35714;STILL INFORMATICA LTDA ME;SP;CAPIVARI;156002.0;911438;ESTILETE PLAST ARTOOLS CART 1UN;1.0;10.0;10.0;;M Y YAMAMOTO REPRESENTACAO;UNIDADE;DEFEITO;SEM DESCRIÇÃO;ABATIMENTO;FABIANA DOS SANTOS CHAVES
4587673861;07/08/2025;73861;HIPER DIFERENTE ATACADO DE VARIEDADES LTDA;SC;BALNEARIO CAMBORIU;146017.0;904706;AQUARELA BAZZE 12 CORES CJTO;38.0;40.248;1.529.424;;SABRI RIBEIRO REPRESENTACOES E COME;UNIDADE;DEFEITO;DERRETIMENTO;DEVOLUÇÃO;GABRIELA SOUZA DOS SANTOS
4588077586;11/08/2025;77586;MELANIA TEREZINHA CRUZ DE SOUZA;RS;VIAMAO;154344.0;904706;AQUARELA BAZZE 12 CORES CJTO;12.0;5.02;60.239.999.999.999.900;;MAX BREUEL E CIA LTDA;UNIDADE;DEFEITO;DERRETIMENTO;ABATIMENTO;ANDREIA AGUIAR GARCIA GASPARONI
4588027090;11/08/2025;27090;FRANCISCA SILVANA PINTO;PB;JOAO PESSOA;;612751;GRAMP BAZZE MINI B5101 COR PLAST CX12UN;4.0;4.22;16.88;;A E G REPRESENTACOES LTDA;UNIDADE;DEFEITO;NÃO FUNCIONA;ABATIMENTO;ADRIANO FALCAO SARMENTO
4588027090;11/08/2025;27090;FRANCISCA SILVANA PINTO;PB;JOAO PESSOA;;653235;CANETA GEL TRIS INKFINITY PASTEL BCO CX6;4.0;2.71;10.84;;A E G REPRESENTACOES LTDA;UNIDADE;DEFEITO;FALHA NA ESCRITA;ABATIMENTO;ADRIANO FALCAO SARMENTO
4588158696;12/08/2025;58696;JOSE DA PURIFICACAO RODRIGUES ME;PE;AFRANIO;73277.0;684222;MASSA MODELAR SUPERSOFT 12 CORES CX;40.0;4.292;171.68;;MIGUEL TRAJANO REPRESENTACOES LTDA;UNIDADE;DEFEITO;MASSA FICOU RIGIDA;DEVOLUÇÃO;ADRIANO FALCAO SARMENTO
4588158696;12/08/2025;58696;JOSE DA PURIFICACAO RODRIGUES ME;PE;AFRANIO;143426.0;905765;APONTADOR DEP DIVERTIDAMENTE  POTE 12UN;1.0;45.19;45.19;;MIGUEL TRAJANO REPRESENTACOES LTDA;UNIDADE;DEFEITO;ABERTURA PARA APONTAR AO CONTRARIO;DEVOLUÇÃO;ADRIANO FALCAO SARMENTO
4588360621;14/08/2025;60621;JOAO JANUARIO VIEIRA ME;SC;JOINVILLE;131086.0;904706;AQUARELA BAZZE 12 CORES CJTO;12.0;4.74;;;SABRI RIBEIRO REPRESENTACOES E COME;UNIDADE;DEFEITO;DERRETIMENTO;ABATIMENTO;GABRIELA SOUZA DOS SANTOS
4588360621;14/08/2025;60621;JOAO JANUARIO VIEIRA ME;SC;JOINVILLE;61951.0;618630;CALCULADORA MESA BAZZE B3440 CX 1UN;1.0;25.703.333;;;SABRI RIBEIRO REPRESENTACOES E COME;UNIDADE;DEFEITO;NÃO FUNCIONA;ABATIMENTO;GABRIELA SOUZA DOS SANTOS
4588327606;14/08/2025;27606;TOQUE DE PAPEL LIVRARIA HOBBY E PINTURA LTDA;RJ;RIO DE JANEIRO;;905093;CANETA GEL TRIS RAINBOW 1.0 DP 24UN;63.0;;;;ZIGURATE REPRESENTACOES LTDA;UNIDADE;DEFEITO;CANETAS COM VAZAMENTO;ABATIMENTO;ANDREIA AGUIAR GARCIA GASPARONI
4588327606;14/08/2025;27606;TOQUE DE PAPEL LIVRARIA HOBBY E PINTURA LTDA;RJ;RIO DE JANEIRO;;903365;LAPIS COR TRIS RAINBOW NEON POTE24UN;6.0;;;;ZIGURATE REPRESENTACOES LTDA;UNIDADE;DEFEITO;SEM MOTIVO;ABATIMENTO;ANDREIA AGUIAR GARCIA GASPARONI
4588429661;15/08/2025;29661;PAPELARIA FRADELLI LTDA;MS;CAMPO GRANDE;156233.0;906670;CARIMBO AUTO DUPLO TRIS NECTAR DP 24UN;3.0;54.6;163.8;;REALSI REPRESENTACOES LTDA;DISPLAY;DEFEITO;ESPAÇAMENTO MAIOR QUE A EMBALAGEM;DEVOLUÇÃO;ANDREIA AGUIAR GARCIA GASPARONI
4588962529;20/08/2025;62529;LANG BARRA PAPELARIA LTDA;RJ;RIO DE JANEIRO;141359.0;905093;CANETA GEL TRIS RAINBOW 1.0 DP 24UN;1.0;93.51;;;FBS REPRESENTACOES LTDA;DISPLAY;DEFEITO;CANETAS COM VAZAMENTO;ABATIMENTO;ANDREIA AGUIAR GARCIA GASPARONI
4588975498;20/08/2025;75498;ASM PRESENTES LTDA;RS;TERRA DE AREIA;;905093;CANETA GEL TRIS RAINBOW 1.0 DP 24UN;96.0;4.61;44.256.000.000.000.000;;MAX BREUEL E CIA LTDA;DISPLAY;DEFEITO;CANETAS COM VAZAMENTO;BONIFICAÇÃO;ANDREIA AGUIAR GARCIA GASPARONI
4588985824;20/08/2025;85824;MARIANA CUBEL CESAR SALDANHA;MS;CAMPO GRANDE;151260.0;905024;CANETA ESF TRIS ASTRO 1.0 10CORES DP12UN;9.0;11.0;99.0;;REALSI REPRESENTACOES LTDA;UNIDADE;DEFEITO;PROBLEMA NO SISTEMA RETRATIL NO TOPO DA CANETA;BONIFICAÇÃO;ANDREIA AGUIAR GARCIA GASPARONI
4589075784;21/08/2025;75784;GB COMERCIO E SERVICOS LTDA;SP;SAO PAULO;158221.0;901705;LAPIS COR BAZZE WAVE REC SEXT 24COR CJTO;82.0;49.711;4.076.302;;WAGNER APARECIDO RAPOSO LTDA;UNIDADE;EXTRAVIADO;FALTA DE 2 LÁPIS POR CAIXA;ABATIMENTO;ANDREIA AGUIAR GARCIA GASPARONI
4589466009;25/08/2025;66009;COMERCIAL PLANETA BLU LTDA;SC;BLUMENAU;140640.0;905093;CANETA GEL TRIS RAINBOW 1.0 DP 24UN;9.0;851.475;;;SABRI RIBEIRO REPRESENTACOES E COME;UNIDADE;DEFEITO;CANETAS COM VAZAMENTO;ABATIMENTO;GABRIELA SOUZA DOS SANTOS
4589466009;25/08/2025;66009;COMERCIAL PLANETA BLU LTDA;SC;BLUMENAU;86145.0;681252;COLA BASTAO STICK ULTRA 40G SHRINK 6UN;7.0;29.199.375;;;SABRI RIBEIRO REPRESENTACOES E COME;UNIDADE;MOFADO;MOFADAS;ABATIMENTO;GABRIELA SOUZA DOS SANTOS
4589435376;25/08/2025;35376;JVETEC INFORMATICA LTDA;SC;SAO LUDGERO;155048.0;613031;GRAMP BAZZE B5315 50F METAL UN;2.0;21.27;42.54;;SABRI RIBEIRO REPRESENTACOES E COME;UNIDADE;DEFEITO;TRAVAMENTO AO GRAMPEAR;ABATIMENTO;GABRIELA SOUZA DOS SANTOS
4589485941;25/08/2025;85941;MONAYRA MATIAS OLIVEIRA;RJ;MARICA;157067.0;910745;COPO PLASTICO TRIS HOLIC SHAKE CX 1UN;4.0;19.44;77.76;;JJM REPRESENTACOES LTDA;UNIDADE;AVARIADO;PRODUTO TRINCADO;ABATIMENTO;ANDREIA AGUIAR GARCIA GASPARONI
4589485941;25/08/2025;85941;MONAYRA MATIAS OLIVEIRA;RJ;MARICA;154234.0;908605;TINTA GUACHE TRIS 250ML VD POTE;30.0;4.446;133.38;;JJM REPRESENTACOES LTDA;UNIDADE;MOFADO;SEM MOTIVO;ABATIMENTO;ANDREIA AGUIAR GARCIA GASPARONI
4589780320;28/08/2025;80320;M. L. MIRANDA GOMES LTDA;CE;MASSAPE;;901385;CANETA ESF BAZZE PRISMA 1.0 AZ CX 50UN;30.0;20.18;605.4;;PAUTA REPRESENTACOES LTDA;CAIXA;DEFEITO;FALHA NA ESCRITA;BONIFICAÇÃO;ADRIANO FALCAO SARMENTO
4589788166;28/08/2025;88166;V. S. RIBEIRO PESSANHA PAPELARIA LT;SP;UBATUBA;155876.0;910295;CANETA GEL TRIS ESPRESSO RET 0.5 DP 18UN;1.0;106.56;106.56;;REPRESENTACOES J C LEMOS LTDA;UNIDADE;DEFEITO;CANETAS COM VAZAMENTO;ABATIMENTO;FABIANA DOS SANTOS CHAVES
4589835370;29/08/2025;35370;PAPEMIX PAPELARIA E PRESENTES LTDAME;PR;SAO JOSE DOS PINHAIS;158533.0;910745;COPO PLASTICO TRIS HOLIC SHAKE CX 1UN;2.0;19.98;39.96;;ETK REPRESENTACOES COMERCIAIS LTDA;UNIDADE;AVARIADO;PRODUTO TRINCADO;ABATIMENTO;GABRIELA SOUZA DOS SANTOS
4589835370;29/08/2025;35370;PAPEMIX PAPELARIA E PRESENTES LTDAME;PR;SAO JOSE DOS PINHAIS;158533.0;910745;COPO PLASTICO TRIS HOLIC SHAKE CX 1UN;2.0;19.98;39.96;;ETK REPRESENTACOES COMERCIAIS LTDA;UNIDADE;AVARIADO;PRODUTO TRINCADO;ABATIMENTO;GABRIELA SOUZA DOS SANTOS
4590177586;01/09/2025;77586;MELANIA TEREZINHA CRUZ DE SOUZA;RS;VIAMAO;158931.0;911278;KIT GEOMETRICO TRIS ESTOJO 7PCS;4.0;13.44;53.76;;MAX BREUEL E CIA LTDA;UNIDADE;AVARIADO;TAMPA DO ESTOJO QUEBRADAS;BONIFICAÇÃO;ANDREIA AGUIAR GARCIA GASPARONI
4590173459;01/09/2025;73459;ZINGRA E ZINGRA ARAUJO LTDA;SP;MOGI GUACU;155530.0;683386;CANETA GEL TRIS INKFINITY PASTEL CART3UN;5.36;43.0;23.048.000.000.000.000;;M Y YAMAMOTO REPRESENTACAO;CARTELA;DEFEITO;FALHA NA ESCRITA;DEVOLUÇÃO;FABIANA DOS SANTOS CHAVES
4590335714;03/09/2025;35714;STILL INFORMATICA LTDA ME;SP;CAPIVARI;159470.0;910219;APONTADOR DEP E BORR TRIS SODA DP16UN;1.0;128.48;128.48;;M Y YAMAMOTO REPRESENTACAO;UNIDADE;DEFEITO;PROBLEMA NA EMBALAGEM;ABATIMENTO;FABIANA DOS SANTOS CHAVES
4590431594;04/09/2025;31594;BAZAR E PAPELARIA GRAFFITE LTDA;RS;SANTA CRUZ DO SUL;155038.0;614526;GRAMP BAZZE B5308 25F PLAST UN;1.0;6.1;6.1;;MAX BREUEL E CIA LTDA;UNIDADE;DEFEITO;NÃO ESTA GRAMPEANDO;ABATIMENTO;ANDREIA AGUIAR GARCIA GASPARONI
4590431594;04/09/2025;31594;BAZAR E PAPELARIA GRAFFITE LTDA;RS;SANTA CRUZ DO SUL;77995.0;613024;GRAMP BAZZE B5314 40F METAL PTO UN;1.0;17.5;17.5;;MAX BREUEL E CIA LTDA;UNIDADE;DEFEITO;NÃO ESTA GRAMPEANDO;ABATIMENTO;ANDREIA AGUIAR GARCIA GASPARONI
4590471697;04/09/2025;71697;CATARINA SAAD HENRIQUES;SC;SAO JOSE;159870.0;909558;LAPIS PTO CRISTAL MARIE PT 36UN;36.0;46.16;;;SABRI RIBEIRO REPRESENTACOES E COME;UNIDADE;DEFEITO;LAPIS COM EXCESSO DE COLA;ABATIMENTO;GABRIELA SOUZA DOS SANTOS
4590469640;04/09/2025;69640;MAGIC PLACE PAPELARIA LTDA;SP;SAO PAULO;154375.0;906755;BORRACHA TRIS HOLIC MORANGO DP 24UN;6.0;96.06;576.36;;JYL REPRESENTACOES LTDA ME;UNIDADE;DEFEITO;SEM CHEIRO;DEVOLUÇÃO;FABIANA DOS SANTOS CHAVES
4590477282;04/09/2025;77282;TRICOTAR AVIAMENTOS LAS E LINHAS LTDA;RS;NOVO HAMBURGO;139359.0;905093;CANETA GEL TRIS RAINBOW 1.0 DP 24UN;5.0;4.74;23.700.000.000.000.000;;MAX BREUEL E CIA LTDA;UNIDADE;DEFEITO;CANETAS COM VAZAMENTO;ABATIMENTO;ANDREIA AGUIAR GARCIA GASPARONI
4590582027;05/09/2025;82027;SALAO NOVO BATEL LTDA;PR;CURITIBA;152178.0;906755;BORRACHA TRIS HOLIC MORANGO DP 24UN;13.0;4.113.333.333.333.330;5.347.333.333.333.330;;ETK REPRESENTACOES COMERCIAIS LTDA;UNIDADE;DEFEITO;SEM CHEIRO;ABATIMENTO;GABRIELA SOUZA DOS SANTOS
4590570970;05/09/2025;70970;DISTRIBUIDORA ROQUE LTDA;CE;CRATO;;607221;HIDROCOR PF TRIS METALICA 6COR CJTO;10.0;16.16;161.6;;PAUTA REPRESENTACOES LTDA;UNIDADE;DEFEITO;FALHA NA ESCRITA;DEVOLUÇÃO;ADRIANO FALCAO SARMENTO
4590570970;05/09/2025;70970;DISTRIBUIDORA ROQUE LTDA;CE;CRATO;;603261;LAPIS PTO COLLECTION FRUITS POTE72UN;5.0;14.62;73.1;;PAUTA REPRESENTACOES LTDA;UNIDADE;DEFEITO;FALHA NA ESCRITA;DEVOLUÇÃO;ADRIANO FALCAO SARMENTO
4590570970;05/09/2025;70970;DISTRIBUIDORA ROQUE LTDA;CE;CRATO;;686448;GIZ RETRATIL FRUITS 8 CORES CJTO;6.0;15.39;92.34;;PAUTA REPRESENTACOES LTDA;UNIDADE;DEFEITO;DERRETIMENTO;DEVOLUÇÃO;ADRIANO FALCAO SARMENTO
4590634363;06/09/2025;34363;PAPELARIA ESKEMA LTDA;PA;MARABA;129495.0;904706;AQUARELA BAZZE 12 CORES CJTO;5.0;44.857;224.285;;RBR PRIME SERV DE REPRESENTACAO COM;UNIDADE;DEFEITO;DERRETIMENTO;ABATIMENTO;FABIANA DOS SANTOS CHAVES
4590634363;06/09/2025;34363;PAPELARIA ESKEMA LTDA;PA;MARABA;129495.0;618647;CALCULADORA MESA BAZZE B3562 CX 1UN;1.0;13.61;13.61;;RBR PRIME SERV DE REPRESENTACAO COM;UNIDADE;DEFEITO;SEM MOTIVO;ABATIMENTO;FABIANA DOS SANTOS CHAVES
4590832797;08/09/2025;32797;PAPELARIA SANTA FE LTDA;MG;BETIM;146395.0;653235;CANETA GEL TRIS INKFINITY PASTEL BCO CX6;2.0;145.825;29.165;;JONATAS GOMES DE SOUZA;CAIXA;DEFEITO;FALHA NA ESCRITA;ABATIMENTO;ANDREIA AGUIAR GARCIA GASPARONI
4590832479;08/09/2025;32479;BAZAR E PAPELARIA HILLESHEIN LTDA ME;SC;BIGUACU;156090.0;904706;AQUARELA BAZZE 12 CORES CJTO;12.0;51.225;61.47;;SABRI RIBEIRO REPRESENTACOES E COME;UNIDADE;DEFEITO;DERRETIMENTO;ABATIMENTO;GABRIELA SOUZA DOS SANTOS
4590860493;08/09/2025;60493;FAA DA NOBREGA;CE;MAURITI;157411.0;910745;COPO PLASTICO TRIS HOLIC SHAKE CX 1UN;4.0;19.98;79.92;;PAUTA REPRESENTACOES LTDA;UNIDADE;DEFEITO;PRODUTO TRINCADO;ABATIMENTO;ADRIANO FALCAO SARMENTO
4590870684;08/09/2025;70684;PAPELARIA ICOENSE LTDA;CE;ICO;155964.0;910745;COPO PLASTICO TRIS HOLIC SHAKE CX 1UN;1.0;19.98;19.98;;PAUTA REPRESENTACOES LTDA;UNIDADE;DEFEITO;PRODUTO TRINCADO;ABATIMENTO;ADRIANO FALCAO SARMENTO
4590928406;09/09/2025;28406;ALEXANITA LTDA ME;AP;MACAPA;154606.0;902900;LAPIS GRAF BAZZE HB BORR SEXT CX 72UN;2.0;21.76;;;H M G COMERCIO E REPRESENTACAO LTDA;CAIXA;DEFEITO;BORRACHA AMARELADA;ABATIMENTO;ADRIANO FALCAO SARMENTO
4590980407;09/09/2025;80407;DCM INFO LTDA;RS;CAPAO DA CANOA;;905093;CANETA GEL TRIS RAINBOW 1.0 DP 24UN;19.0;;;;MAX BREUEL E CIA LTDA;UNIDADE;DEFEITO;CANETAS COM VAZAMENTO;ABATIMENTO;ANDREIA AGUIAR GARCIA GASPARONI
4591035650;10/09/2025;35650;CELSO LUIS BELON SERRA NEGRA EPP;SP;SERRA NEGRA;158620.0;911261;CALCULADORA BOLSO TRIS HOLIC ROSE CX 1UN;1.0;16.8;16.8;;M Y YAMAMOTO REPRESENTACAO;UNIDADE;DEFEITO;DIFEITO NO VISOR NUMERICO;ABATIMENTO;FABIANA DOS SANTOS CHAVES
4591076239;10/09/2025;76239;HTC PAPELARIA E ARMARINHOS LTDA;SP;UBATUBA;;904188;LAPIS PTO PRINCESAS CRISTAL PT 36UN;72.0;;;;REPRESENTACOES J C LEMOS LTDA;UNIDADE;DEFEITO;CRISTAL DA PONTA DESCOLANDO;DEVOLUÇÃO;FABIANA DOS SANTOS CHAVES
4591076239;10/09/2025;76239;HTC PAPELARIA E ARMARINHOS LTDA;SP;UBATUBA;;900678;CANETA BORRACHA TRIS HOLIC DP 12UN;1.0;;;;REPRESENTACOES J C LEMOS LTDA;UNIDADE;AVARIADO;TAMPA TRINCADA;DEVOLUÇÃO;FABIANA DOS SANTOS CHAVES
4591076239;10/09/2025;76239;HTC PAPELARIA E ARMARINHOS LTDA;SP;UBATUBA;;609768;APONTADOR DEP BARBIE PT 12UN;1.0;;;;REPRESENTACOES J C LEMOS LTDA;UNIDADE;DEFEITO;LAMINA DESCOLANDO DA BASE;DEVOLUÇÃO;FABIANA DOS SANTOS CHAVES
4591076239;10/09/2025;76239;HTC PAPELARIA E ARMARINHOS LTDA;SP;UBATUBA;;612805;GRAMP MINI TRIS HOLIC T312 CX12UN;1.0;;;;REPRESENTACOES J C LEMOS LTDA;UNIDADE;DEFEITO;NÃO ESTA GRAMPEANDO;DEVOLUÇÃO;FABIANA DOS SANTOS CHAVES
4591076239;10/09/2025;76239;HTC PAPELARIA E ARMARINHOS LTDA;SP;UBATUBA;;601496;MARCADOR METAL ARTOOLS PTADUPLA AZ AV;10.0;;;;REPRESENTACOES J C LEMOS LTDA;UNIDADE;DEFEITO;PONTAS SECAS;DEVOLUÇÃO;FABIANA DOS SANTOS CHAVES
4591076239;10/09/2025;76239;HTC PAPELARIA E ARMARINHOS LTDA;SP;UBATUBA;;904706;AQUARELA BAZZE 12 CORES CJTO;6.0;;;;REPRESENTACOES J C LEMOS LTDA;UNIDADE;DEFEITO;DERRETIMENTO;DEVOLUÇÃO;FABIANA DOS SANTOS CHAVES
4591080407;10/09/2025;80407;DCM INFO LTDA;RS;CAPAO DA CANOA;905093.0;905093;CANETA GEL TRIS RAINBOW 1.0 DP 24UN;1.0;94.76;94.76;;MAX BREUEL E CIA LTDA;UNIDADE;DEFEITO;CANETAS COM VAZAMENTO;ABATIMENTO;ANDREIA AGUIAR GARCIA GASPARONI
4591169085;11/09/2025;69085;ANTONIO DENIS ALVES;CE;JUAZEIRO DO NORTE;;901385;CANETA ESF BAZZE PRISMA 1.0 AZ CX 50UN;3.0;20.18;60.54;;PAUTA REPRESENTACOES LTDA;UNIDADE;EXTRAVIADO;FALTA INTERNA DE 3 CANETAS;ABATIMENTO;ADRIANO FALCAO SARMENTO
4591186062;11/09/2025;86062;GRAFICA MALU LTDA;MG;MATEUS LEME;151898.0;901057;BINDER CLIPS TECIDO TRIS HOLIC CART 4UN;3.0;3.84;11.52;;JONATAS GOMES DE SOUZA;CARTELA;DEFEITO;FERRUGEM NOS PRENDEDORES;ABATIMENTO;ANDREIA AGUIAR GARCIA GASPARONI
4591167132;11/09/2025;67132;RAX COMERCIO DE PRESENTES E UTILIDALTDA;MG;PARA DE MINAS;160068.0;908582;TINTA GUACHE TRIS 250ML AM POTE;3.0;42.608;12.782.399.999.999.900;;JONATAS GOMES DE SOUZA;UNIDADE;DEFEITO;TUBO VEIO SEM A TAMPA;ABATIMENTO;ANDREIA AGUIAR GARCIA GASPARONI
4591173975;11/09/2025;73975;A Z CIUPKA TRES ESTRELAS PAPELARIA E BRINQUEDOS;SC;PAPANDUVA;90699.0;612881;MARCA TEXTO TRIS FLASH GLIT POTE 24UN;62.0;125.164;;;SABRI RIBEIRO REPRESENTACOES E COME;UNIDADE;DEFEITO;PONTAS SECAS;DEVOLUÇÃO;GABRIELA SOUZA DOS SANTOS
4591271242;12/09/2025;71242;A2 VARIEDADES LTDA;BA;SALVADOR;154055.0;904706;AQUARELA BAZZE 12 CORES CJTO;96.0;4.941.387;474.373.152;;CRISTIANE RODEIRO SCHLEU;UNIDADE;DEFEITO;DERRETIMENTO;ABATIMENTO;ANDREIA AGUIAR GARCIA GASPARONI
4591266647;12/09/2025;66647;TOT PAPELARIA LTDA;RS;CACHOEIRINHA;111389.0;903082;CANETA BORRACHA TRIS PLAY DP 24UN;1.0;108.0;108.0;;CLARISSA DIAS DE SOUZA;DISPLAY;DEFEITO;PRECIONANDO A BORRACHA, ELA RETORNA PARA DENTRO DA BASE;ABATIMENTO;CLARISSA DIAS DE SOUZA
4591266647;12/09/2025;66647;TOT PAPELARIA LTDA;RS;CACHOEIRINHA;140308.0;905093;CANETA GEL TRIS RAINBOW 1.0 DP 24UN;1.0;9.605.999.999.999.990;9.605.519.999.999.990;;CLARISSA DIAS DE SOUZA;DISPLAY;DEFEITO;CANETAS COM VAZAMENTO;ABATIMENTO;CLARISSA DIAS DE SOUZA
4591266647;12/09/2025;66647;TOT PAPELARIA LTDA;RS;CACHOEIRINHA;153027.0;608037;COLA BASTAO BAZZE 10G SHRK 12UN;1.0;1.08;1.08;;CLARISSA DIAS DE SOUZA;UNIDADE;DEFEITO;COLA NÃO ESTA COLANDO;ABATIMENTO;CLARISSA DIAS DE SOUZA
4591278484;12/09/2025;78484;OLIPOP PAPELARIA CRIATIVA LTDA;SP;VINHEDO;159932.0;906755;BORRACHA TRIS HOLIC MORANGO DP 24UN;1.0;97.39;97.39;;M Y YAMAMOTO REPRESENTACAO;UNIDADE;DEFEITO;SEM CHEIRO;ABATIMENTO;FABIANA DOS SANTOS CHAVES
4591566750;15/09/2025;66750;C. M. B. FERREIRA ALVES;MG;JOAO MONLEVADE;135910.0;905017;CANETA ROLLER TRIS ENERGY 0.5 DP 30UN;1.0;134.65;134.65;;GYZ AM COMERCIO E REPRES DE ARTIGOS;UNIDADE;DEFEITO;FALHA NA ESCRITA;ABATIMENTO;ANDREIA AGUIAR GARCIA GASPARONI
4591569426;15/09/2025;69426;LIVRARIA JAQUEIRA LTDA;PE;RECIFE;158611.0;910745;COPO PLASTICO TRIS HOLIC SHAKE CX 1UN;2.0;19.44;38.88;;MIGUEL TRAJANO REPRESENTACOES LTDA;UNIDADE;DEFEITO;PRODUTO TRINCADO;ABATIMENTO;ADRIANO FALCAO SARMENTO
4591673258;16/09/2025;73258;R J C COMERCIAL E ACESSORIOS A ESCOLAR LTDA;SP;NOVA ODESSA;157912.0;910745;COPO PLASTICO TRIS HOLIC SHAKE CX 1UN;1.0;19.71;19.71;;M Y YAMAMOTO REPRESENTACAO;UNIDADE;DEFEITO;PRODUTO TRINCADO;ABATIMENTO;FABIANA DOS SANTOS CHAVES
4591764966;17/09/2025;64966;DISTRIBUIDORA GLOBO LTDA ME;SE;ARACAJU;157396.0;909015;CANETA GEL APAGAVEL BAZZE 1.0MM DP24UN;5.0;71.477.917;;;W LIRA REPRESENTACOES EIRELI;UNIDADE;DEFEITO;FALHA NA ESCRITA;ABATIMENTO;ADRIANO FALCAO SARMENTO
4591858925;18/09/2025;58925;M G SEGURA NETO ME;SP;TEODORO SAMPAIO;160705.0;905093;CANETA GEL TRIS RAINBOW 1.0 DP 24UN;6.0;96.06;;;M I R REPRESENTACAO COMERCIAL EM AR;UNIDADE;DEFEITO;CANETAS COM VAZAMENTO;ABATIMENTO;FABIANA DOS SANTOS CHAVES
4591874100;18/09/2025;74100;ELOIM JOSE BRIAO LOPES JUNIOR;PR;PARANAGUA;162368.0;910622;BORRACHA TRIS HOLIC COELHO DP 18X3UN;1.0;44.02;44.02;;ETK REPRESENTACOES COMERCIAIS LTDA;UNIDADE;DEFEITO;LAPIS COM EXCESSO DE COLA;ABATIMENTO;GABRIELA SOUZA DOS SANTOS
4591874100;18/09/2025;74100;ELOIM JOSE BRIAO LOPES JUNIOR;PR;PARANAGUA;140070.0;904706;AQUARELA BAZZE 12 CORES CJTO;3.0;4.74;14.22;;ETK REPRESENTACOES COMERCIAIS LTDA;UNIDADE;DEFEITO;DERRETIMENTO;ABATIMENTO;GABRIELA SOUZA DOS SANTOS
4591870248;18/09/2025;70248;MHS COMERCIAL DE UTILIDADESDOMESTICA LTDA;PR;CURITIBA;160738.0;910745;COPO PLASTICO TRIS HOLIC SHAKE CX 1UN;3.0;18.98;56.94;;ETK REPRESENTACOES COMERCIAIS LTDA;UNIDADE;DEFEITO;PRODUTO TRINCADO;ABATIMENTO;GABRIELA SOUZA DOS SANTOS
4591867482;18/09/2025;67482;PAPEL INFOR LTDA;MG;SAO FRANCISCO;124095.0;904706;AQUARELA BAZZE 12 CORES CJTO;26.0;5.35;138.89;;TALENT REPRESENTACOES LTDA;UNIDADE;DEFEITO;DERRETIMENTO;ABATIMENTO;ADRIANO FALCAO SARMENTO
4591973074;19/09/2025;73074;PENSEI PRESENTES E PAPELARIA CRIATIVA LTDA;SP;INDAIATUBA;161329.0;910691;BORRACHA TRIS HOLIC PULSEIRA DP12UN;1.0;131.4;131.4;;M Y YAMAMOTO REPRESENTACAO;UNIDADE;DEFEITO;BORRACHA MANCHANDO O PAPEL;ABATIMENTO;FABIANA DOS SANTOS CHAVES
4591980261;19/09/2025;80261;MICHAEL GOMES MARTINS DE SOUZA;PB;LAGOA SECA;128278.0;904706;AQUARELA BAZZE 12 CORES CJTO;28.0;3.78;10.583.999.999.999.900;;A E G REPRESENTACOES LTDA;UNIDADE;DEFEITO;DERRETIMENTO;ABATIMENTO;ADRIANO FALCAO SARMENTO
4592259998;22/09/2025;59998;MODERNA PAPELARIA E MOVEIS PARAESCRITORIO EIRELI;SP;CRUZEIRO;127904.0;901217;CANETA ESF TRIS SLIDE FANCY 1.0 PT 50UN;20.0;56.52;;;REPRESENTACOES J C LEMOS LTDA;UNIDADE;DEFEITO;FALHA NA ESCRITA;ABATIMENTO;FABIANA DOS SANTOS CHAVES
4592273975;22/09/2025;73975;A Z CIUPKA TRES ESTRELAS PAPELARIA E BRINQUEDOS;SC;PAPANDUVA;159637.0;685496;FITA CORR TRIS T012 12 METROS CART 1 UN;36.0;85.425;;;SABRI RIBEIRO REPRESENTACOES E COME;CARTELA;MOFADO;CARTELAS COM MOFO;DEVOLUÇÃO;GABRIELA SOUZA DOS SANTOS
4592473953;24/09/2025;73953;PAPELARIA E BRINQUEDOS FANTASIA LTDA;PR;CURITIBA;146146.0;905093;CANETA GEL TRIS RAINBOW 1.0 DP 24UN;8.0;38.441.666.666.666.600;30.753.333.333.333.300;;ETK REPRESENTACOES COMERCIAIS LTDA;UNIDADE;DEFEITO;CANETAS SECAS;ABATIMENTO;GABRIELA SOUZA DOS SANTOS
4592473953;24/09/2025;73953;PAPELARIA E BRINQUEDOS FANTASIA LTDA;PR;CURITIBA;89356.0;683263;CANETA GEL TRIS INKFINITY METPAST DP50UN;16.0;25.188;403.008;;ETK REPRESENTACOES COMERCIAIS LTDA;UNIDADE;DEFEITO;CANETAS SECAS;ABATIMENTO;GABRIELA SOUZA DOS SANTOS
4592526948;25/09/2025;26948;EMBALAGENS TRES IRMAOS LTDA;SC;BLUMENAU;131962.0;904706;AQUARELA BAZZE 12 CORES CJTO;9.0;4.644.167;;;SABRI RIBEIRO REPRESENTACOES E COME;UNIDADE;DEFEITO;DERRETIMENTO;ABATIMENTO;GABRIELA SOUZA DOS SANTOS
4592574939;25/09/2025;74939;PAPELARIA GRADIM 2093 LTDA;RJ;SAO GONCALO;141968.0;905093;CANETA GEL TRIS RAINBOW 1.0 DP 24UN;3.0;89.77;269.31;;JJM REPRESENTACOES LTDA;DISPLAY;DEFEITO;CANETAS COM VAZAMENTO;ABATIMENTO;ANDREIA AGUIAR GARCIA GASPARONI
4592533390;25/09/2025;33390;PAPELARIA MEIA PRAIA COMERCIO E REPRESENTACOES LTDA ME;SC;ITAPEMA;158747.0;904706;AQUARELA BAZZE 12 CORES CJTO;4.0;5.121.667;;;SABRI RIBEIRO REPRESENTACOES E COME;UNIDADE;DEFEITO;DERRETIMENTO;ABATIMENTO;GABRIELA SOUZA DOS SANTOS
4592567588;25/09/2025;67588;SILVEIRA COMERCIO DE PAPEL BRINQUEDOS E MATERIAL DE ESPORTES LTDA;SC;PALHOCA;123264.0;904706;AQUARELA BAZZE 12 CORES CJTO;4.0;46.575;;;SABRI RIBEIRO REPRESENTACOES E COME;UNIDADE;DEFEITO;DERRETIMENTO;ABATIMENTO;GABRIELA SOUZA DOS SANTOS
4592627501;26/09/2025;27501;VOGEL E CIA LTDA EPP;PR;UNIAO DA VITORIA;128551.0;904706;AQUARELA BAZZE 12 CORES CJTO;14.0;44.856;627.984;;ETK REPRESENTACOES COMERCIAIS LTDA;UNIDADE;DEFEITO;DERRETIMENTO;ABATIMENTO;GABRIELA SOUZA DOS SANTOS
4592670459;26/09/2025;70459;SANPEN PAPELARIA E VARIEDADES E COMMERCE LTDA;SP;SAO PAULO;115495.0;900067;CARBONO FILME BAZZE A4 AZ CX 100 FLS;15.0;386.853;580.28;;XAVIER REPRESENTACOES S C LTDA;CAIXA;DEFEITO;FALHA NO PONTO DA MARCA D'AGUA;DEVOLUÇÃO;ADRIANO FALCAO SARMENTO
4592931109;29/09/2025;31109;MARIA DO CARMO SANTOS PEREIRA PAPELME;PB;JOAO PESSOA;125003.0;904706;AQUARELA BAZZE 12 CORES CJTO;4.0;4.37;17.48;;A E G REPRESENTACOES LTDA;UNIDADE;DEFEITO;DERRETIMENTO;ABATIMENTO;ADRIANO FALCAO SARMENTO
4592972395;29/09/2025;72395;LMZ COMERCIO DE ARTIGOS PARA ESCRITORIO LTDA;MS;CAMPO GRANDE;156819.0;613000;GRAMP BAZZE B5945M 25F METAL UN;1.0;64.182;64.182;;REALSI REPRESENTACOES LTDA;UNIDADE;DEFEITO;NÃO ESTA GRAMPEANDO;DEVOLUÇÃO;ANDREIA AGUIAR GARCIA GASPARONI
4592972395;29/09/2025;72395;LMZ COMERCIO DE ARTIGOS PARA ESCRITORIO LTDA;MS;CAMPO GRANDE;156819.0;613024;GRAMP BAZZE B5314 40F METAL PTO UN;1.0;148.583;148.583;;REALSI REPRESENTACOES LTDA;UNIDADE;DEFEITO;NÃO ESTA GRAMPEANDO;DEVOLUÇÃO;ANDREIA AGUIAR GARCIA GASPARONI
4592972395;29/09/2025;72395;LMZ COMERCIO DE ARTIGOS PARA ESCRITORIO LTDA;MS;CAMPO GRANDE;155509.0;904645;GRAMP BAZZE HEAVY DUTY B5100 100F MET UN;1.0;358.525;358.525;;REALSI REPRESENTACOES LTDA;UNIDADE;DEFEITO;NÃO ESTA GRAMPEANDO;DEVOLUÇÃO;ANDREIA AGUIAR GARCIA GASPARONI
4592972395;29/09/2025;72395;LMZ COMERCIO DE ARTIGOS PARA ESCRITORIO LTDA;MS;CAMPO GRANDE;162020.0;618647;CALCULADORA MESA BAZZE B3562 CX 1UN;1.0;119.446;119.446;;REALSI REPRESENTACOES LTDA;UNIDADE;DEFEITO;NÃO LIGA;DEVOLUÇÃO;ANDREIA AGUIAR GARCIA GASPARONI
4592927703;29/09/2025;27703;M R NEGRAO PAPELARIA EPP;SP;AVARE;156618.0;678252;LAPIS COR MEGA SOFTCOLOR 24COR CJTO;1.0;13.08;13.08;;PINHEIRO REPRESENTACOES COMERCIAIS;UNIDADE;DEFEITO;LAPIS QUEBRADOS;ABATIMENTO;GABRIELA SOUZA DOS SANTOS
4592927703;29/09/2025;27703;M R NEGRAO PAPELARIA EPP;SP;AVARE;148939.0;901057;BINDER CLIPS TECIDO TRIS HOLIC CART 4UN;3.0;5.48;16.44;;PINHEIRO REPRESENTACOES COMERCIAIS;UNIDADE;DEFEITO;FERRUGEM NOS PRENDEDORES;ABATIMENTO;GABRIELA SOUZA DOS SANTOS
4593035197;30/09/2025;35197;LOJA CRISTIANTEX LTDA;SP;SANTA BARBARA D OESTE;163001.0;910585;BORRACHA TRIS HOLIC SUCO DP 24UN;8.0;3.65;29.2;;M Y YAMAMOTO REPRESENTACAO;UNIDADE;DEFEITO;TAMPA DEFORMADA;ABATIMENTO;FABIANA DOS SANTOS CHAVES
4566759917;10/01/2025;59917;I G MACHADO DE OLIVEIRA ME;RS;RIO GRANDE;130251.0;904706;AQUARELA BAZZE 12 CORES CJTO;6.0;4.61;27.660.000.000.000.000;;MAX BREUEL E CIA LTDA;UNIDADE;DEFEITO;DERRETIMENTO;ABATIMENTO;ANDREIA AGUIAR GARCIA GASPARONI
4567379413;16/01/2025;79413;ATACADO DO THOR UTILIDADES LTDA;ES;VILA VELHA;123256.0;904706;AQUARELA BAZZE 12 CORES CJTO;173.0;3.762;650.826;;ISAMAR REPRESENTACOES COMERCIAIS LT;UNIDADE;DEFEITO;DERRETIMENTO;DEVOLUÇÃO;ANDREIA AGUIAR GARCIA GASPARONI
4567767789;20/01/2025;67789;DONATO MUCIO E SOUZA LTDA;PR;MARINGA;124334.0;904706;AQUARELA BAZZE 12 CORES CJTO;26.0;3.611;9.388.600.000.000.000;;NILO FARIA REPRESENTACOES COMERCIAI;UNIDADE;DEFEITO;DERRETIMENTO;DEVOLUÇÃO;ANDREIA AGUIAR GARCIA GASPARONI
4565976648;02/01/2025;76648;CAROLINE DA SILVA RAMOS;RJ;CABO FRIO;135731.0;904706;AQUARELA BAZZE 12 CORES CJTO;6.0;4.735;28.410.000.000.000.000;;WALEX SERVICOS EMPRESARIAIS EIRELI;;DEFEITO;DERRETIDO;BONIFICAÇÃO;ANDREIA AGUIAR GARCIA GASPARONI
4565976648;02/01/2025;76648;CAROLINE DA SILVA RAMOS;RJ;CABO FRIO;135731.0;613031;GRAMP BAZZE B5315 50F METAL UN;2.0;19.745;39.49;;WALEX SERVICOS EMPRESARIAIS EIRELI;;DEFEITO;QUEBRADO;BONIFICAÇÃO;ANDREIA AGUIAR GARCIA GASPARONI
4567860564;21/01/2025;60564;CIPRIANI PAPEIS LTDA;SC;RIO DOS CEDROS;130430.0;904706;AQUARELA BAZZE 12 CORES CJTO;9.0;48.372;43.534.800.000.000.000;;SABRI RIBEIRO REPRESENTACOES E COME;UNIDADE;DEFEITO;DERRETIMENTO;DEVOLUÇÃO;GABRIELA SOUZA DOS SANTOS
4568182450;24/01/2025;82450;SUPERMAIS DISTRIBUIDORA LTDA;RR;BOA VISTA;140445.0;904706;AQUARELA BAZZE 12 CORES CJTO;10.0;4.107;41.07;;C O LOUZADA ME;UNIDADE;DEFEITO;DERRETIMENTO;BONIFICAÇÃO;FABIANA DOS SANTOS CHAVES
4568133824;24/01/2025;33824;INTERLIG PAPELARIA E INFORMATICA LTDA;PR;CURITIBA;124730.0;904706;AQUARELA BAZZE 12 CORES CJTO;87.0;43.359;3.772.233;;ETK REPRESENTACOES COMERCIAIS LTDA;UNIDADE;DEFEITO;DERRETIMENTO;BONIFICAÇÃO;GABRIELA SOUZA DOS SANTOS
4566335293;06/01/2025;35293;PAPEETE COMERCIO LTDA EPP;PR;PARANAGUA;129755.0;904706;AQUARELA BAZZE 12 CORES CJTO;11.0;46.103;507.133;;ETK REPRESENTACOES COMERCIAIS LTDA;UNIDADE;DEFEITO;DERRETIMENTO;ABATIMENTO;GABRIELA SOUZA DOS SANTOS
4568771242;30/01/2025;71242;A2 VARIEDADES LTDA;BA;SALVADOR;125291.0;904706;AQUARELA BAZZE 12 CORES CJTO;29.0;4.71;136.59;;CRISTIANE RODEIRO SCHLEU;UNIDADE;DEFEITO;DERRETIMENTO;DEVOLUÇÃO;ANDREIA AGUIAR GARCIA GASPARONI
4567771869;20/01/2025;71869;ARTLIONS FESTAS E DECORACOES LTDA;SP;TABOAO DA SERRA;139376.0;904706;AQUARELA BAZZE 12 CORES CJTO;9.0;44.856;403.704;;JACSON BOMFIM DOS SANTOS BARBOSA;UNIDADE;DEFEITO;DERRETIMENTO;ABATIMENTO;FABIANA DOS SANTOS CHAVES
4568164086;24/01/2025;64086;LOJA UM E NOVENTA E CINCO LTDA EPP;SC;GUARAMIRIM;;904706;AQUARELA BAZZE 12 CORES CJTO;70.0;4.85;339.5;;SABRI RIBEIRO REPRESENTACOES E COME;UNIDADE;DEFEITO;DERRETIMENTO;ABATIMENTO;GABRIELA SOUZA DOS SANTOS
4567374543;16/01/2025;74543;TRS ARRUDA LTDA;SP;BERTIOGA;138819.0;904706;AQUARELA BAZZE 12 CORES CJTO;24.0;4.78;114.72;;BRASILIA E SANTOS REP COM DE ARTIGO;UNIDADE;DEFEITO;DERRETIMENTO;ABATIMENTO;ADRIANO FALCAO SARMENTO
4567663057;19/01/2025;63057;ELIANE VIEIRA LOPES DOS SANTOS ME;SP;SANTOS;132255.0;904706;AQUARELA BAZZE 12 CORES CJTO;12.0;4.78;57.36;;BRASILIA E SANTOS REP COM DE ARTIGO;UNIDADE;DEFEITO;DERRETIMENTO;ABATIMENTO;ADRIANO FALCAO SARMENTO
4567680363;19/01/2025;80363;ESKINAO - UTLIDADES, MOVEIS E DECORLTDA;SP;GUARUJA;130082.0;904706;AQUARELA BAZZE 12 CORES CJTO;24.0;4.78;114.72;;BRASILIA E SANTOS REP COM DE ARTIGO;UNIDADE;DEFEITO;DERRETIMENTO;ABATIMENTO;ADRIANO FALCAO SARMENTO
4567860414;21/01/2025;60414;MARIA CRISTINA DE JESUS QUELHAS RIBME;SP;SANTOS;141402.0;904706;AQUARELA BAZZE 12 CORES CJTO;6.0;4.78;28.68;;BRASILIA E SANTOS REP COM DE ARTIGO;UNIDADE;DEFEITO;DERRETIMENTO;ABATIMENTO;ADRIANO FALCAO SARMENTO
4568867200;31/01/2025;67200;P V J SANTOS COMERCIO EIRELI ME;SP;BERTIOGA;;904706;AQUARELA BAZZE 12 CORES CJTO;24.0;4.78;114.72;;BRASILIA E SANTOS REP COM DE ARTIGO;UNIDADE;DEFEITO;DERRETIMENTO;ABATIMENTO;ADRIANO FALCAO SARMENTO
4568132414;24/01/2025;32414;MARIA HELENA TRESSMANN MUTZ;ES;SERRA;126973.0;904706;AQUARELA BAZZE 12 CORES CJTO;3.0;5.03;15.09;;ISAMAR REPRESENTACOES COMERCIAIS LT;UNIDADE;DEFEITO;DERRETIMENTO;ABATIMENTO;ANDREIA AGUIAR GARCIA GASPARONI
4569931120;11/02/2025;31120;LIVRARIA CULTURAL DA MENTE SANTAMARIENSE LTDA;RS;SANTA MARIA;125808.0;905130;CANETA ESF TRIS BOO 0.7 10CORES DP15UN;1.0;15.54;15.54;;MAX BREUEL E CIA LTDA;UNIDADE;DEFEITO;NÃO INFORMADO;ABATIMENTO;ANDREIA AGUIAR GARCIA GASPARONI
4569931120;11/02/2025;31120;LIVRARIA CULTURAL DA MENTE SANTAMARIENSE LTDA;RS;SANTA MARIA;125808.0;904706;AQUARELA BAZZE 12 CORES CJTO;12.0;4.44;53.28;;MAX BREUEL E CIA LTDA;UNIDADE;DEFEITO;DERRETIMENTO;ABATIMENTO;ANDREIA AGUIAR GARCIA GASPARONI
4569931120;11/02/2025;31120;LIVRARIA CULTURAL DA MENTE SANTAMARIENSE LTDA;RS;SANTA MARIA;125808.0;653402;CANETA ESF BAZZE SIX AZ CX 50UN;3.0;0.33;0.99;;MAX BREUEL E CIA LTDA;UNIDADE;DEFEITO;NÃO INFORMADO;ABATIMENTO;ANDREIA AGUIAR GARCIA GASPARONI
4569931120;11/02/2025;31120;LIVRARIA CULTURAL DA MENTE SANTAMARIENSE LTDA;RS;SANTA MARIA;121283.0;606002;LAPISEIRA TRIS HOLIC FANCY 0.7MM DP18UN;1.0;8.01;8.01;;MAX BREUEL E CIA LTDA;UNIDADE;DEFEITO;NÃO INFORMADO;ABATIMENTO;ANDREIA AGUIAR GARCIA GASPARONI
4569931120;11/02/2025;31120;LIVRARIA CULTURAL DA MENTE SANTAMARIENSE LTDA;RS;SANTA MARIA;91641.0;653235;CANETA GEL TRIS INKFINITY PASTEL BCO CX6;1.0;16.12;16.12;;MAX BREUEL E CIA LTDA;UNIDADE;DEFEITO;FALHA NA ESCRITA;ABATIMENTO;ANDREIA AGUIAR GARCIA GASPARONI
4569873637;10/02/2025;73637;CANTINHO DA SIL COMERCIO DE ROUPAS E UTILIDADES LTDA;RS;BENTO GONCALVES;;904706;AQUARELA BAZZE 12 CORES CJTO;21.0;;;;MAX BREUEL E CIA LTDA;UNIDADE;DEFEITO;DERRETIMENTO;BONIFICAÇÃO;ANDREIA AGUIAR GARCIA GASPARONI
4570975638;21/02/2025;75638;PLANET INFORGRAFICA PAPELARIA LTDA;CE;FORTALEZA;133373.0;904706;AQUARELA BAZZE 12 CORES CJTO;12.0;43.067;51.680.400.000.000.000;;PAUTA REPRESENTACOES LTDA;UNIDADE;DEFEITO;DERRETIMENTO;ABATIMENTO;ADRIANO FALCAO SARMENTO
4569979413;11/02/2025;79413;ATACADO DO THOR UTILIDADES LTDA;ES;VILA VELHA;123256.0;904706;AQUARELA BAZZE 12 CORES CJTO;48.0;3.762;180.576;;ISAMAR REPRESENTACOES COMERCIAIS LT;UNIDADE;DEFEITO;DERRETIMENTO;ABATIMENTO;ANDREIA AGUIAR GARCIA GASPARONI
4569180932;03/02/2025;80932;CAMILO WISLEY ROCHA;CE;MARCO;134358.0;904706;AQUARELA BAZZE 12 CORES CJTO;2.0;;9.94;;PAUTA REPRESENTACOES LTDA;UNIDADE;DEFEITO;DERRETIMENTO;ABATIMENTO;ADRIANO FALCAO SARMENTO
4569183891;03/02/2025;83891;EXCLUSIVA NORTH PRESENTES LTDA;PR;LONDRINA;146658.0;904706;AQUARELA BAZZE 12 CORES CJTO;6.0;46.717;280.302;;WAGNER GORZIZA DE SOUZA;UNIDADE;DEFEITO;DERRETIMENTO;BONIFICAÇÃO;WAGNER GORZIZA DE SOUZA
4569170986;03/02/2025;70986;BELLA ROSSI COSMETICOS E PRESENTESLTDA;PR;CURITIBA;129627.0;904706;AQUARELA BAZZE 12 CORES CJTO;17.0;4.56;77.52;;ETK REPRESENTACOES COMERCIAIS LTDA;UNIDADE;DEFEITO;DERRETIMENTO;ABATIMENTO;GABRIELA SOUZA DOS SANTOS
4569176612;03/02/2025;76612;CASA MIX UTILIDADES DOMESTICAS BRINQUEDOS E PAPELARIA LTDA;PR;CURITIBA;123655.0;904706;AQUARELA BAZZE 12 CORES CJTO;4.0;45.372;181.488;;ETK REPRESENTACOES COMERCIAIS LTDA;UNIDADE;DEFEITO;DERRETIMENTO;ABATIMENTO;GABRIELA SOUZA DOS SANTOS
4569129741;03/02/2025;29741;DISTRIBUIDORA SAO PEDRO LTDA;PR;CURITIBA;142429.0;904706;AQUARELA BAZZE 12 CORES CJTO;42.0;36.695;154.119;;ETK REPRESENTACOES COMERCIAIS LTDA;UNIDADE;DEFEITO;DERRETIMENTO;BONIFICAÇÃO;GABRIELA SOUZA DOS SANTOS
4569976901;11/02/2025;76901;M C AMORIM LTDA;MA;SAO LUIS;141735.0;904706;AQUARELA BAZZE 12 CORES CJTO;10.0;38.625;38.625;;MENDES REPRESENTACOES LTDA;UNIDADE;DEFEITO;DERRETIMENTO;ABATIMENTO;FABIANA DOS SANTOS CHAVES
4569877485;10/02/2025;77485;RIO TURY FESTAS E EMBALAGENS LTDA;MA;SAO LUIS;141293.0;904706;AQUARELA BAZZE 12 CORES CJTO;36.0;38.625;13.904.999.999.999.900;;MENDES REPRESENTACOES LTDA;UNIDADE;DEFEITO;DERRETIMENTO;ABATIMENTO;FABIANA DOS SANTOS CHAVES
4569877486;10/02/2025;77486;SABRINA FESTAS LTDA;MA;SAO LUIS;142349.0;904706;AQUARELA BAZZE 12 CORES CJTO;30.0;38.625;115.875;;MENDES REPRESENTACOES LTDA;UNIDADE;DEFEITO;DERRETIMENTO;ABATIMENTO;FABIANA DOS SANTOS CHAVES
4570263273;14/02/2025;63273;ALECRIM DOURADO COMERCIO DE VARIEDADES LTDA ME;SC;JOINVILLE;141141.0;905093;CANETA GEL TRIS RAINBOW 1.0 DP 24UN;;;;;SABRI RIBEIRO REPRESENTACOES E COME;DISPLAY;DEFEITO;CANETAS COM VAZAMENTO;DEVOLUÇÃO;GABRIELA SOUZA DOS SANTOS
4570263273;14/02/2025;63273;ALECRIM DOURADO COMERCIO DE VARIEDADES LTDA ME;SC;JOINVILLE;127109.0;904706;AQUARELA BAZZE 12 CORES CJTO;7.0;;;;SABRI RIBEIRO REPRESENTACOES E COME;UNIDADE;DEFEITO;DERRETIMENTO;DEVOLUÇÃO;GABRIELA SOUZA DOS SANTOS
4570263273;14/02/2025;63273;ALECRIM DOURADO COMERCIO DE VARIEDADES LTDA ME;SC;JOINVILLE;101461.0;653273;CANETA GEL TRIS INKFINITY METAL PRA CX6;;;;;SABRI RIBEIRO REPRESENTACOES E COME;CAIXA;DEFEITO;FALHA NA ESCRITA;DEVOLUÇÃO;GABRIELA SOUZA DOS SANTOS
4570263273;14/02/2025;63273;ALECRIM DOURADO COMERCIO DE VARIEDADES LTDA ME;SC;JOINVILLE;127109.0;901385;CANETA ESF BAZZE PRISMA 1.0 AZ CX 50UN;;;;;SABRI RIBEIRO REPRESENTACOES E COME;DISPLAY;DEFEITO;FALHA NA ESCRITA;DEVOLUÇÃO;GABRIELA SOUZA DOS SANTOS
4571367354;25/02/2025;67354;MARINHO E TRAPP ARMARINHOS LTDA;SC;JOINVILLE;128938.0;904706;AQUARELA BAZZE 12 CORES CJTO;87.0;;;;SABRI RIBEIRO REPRESENTACOES E COME;UNIDADE;DEFEITO;DERRETIMENTO;DEVOLUÇÃO;GABRIELA SOUZA DOS SANTOS
4571630394;28/02/2025;30394;TINA MODAS LTDA ME;SC;JOINVILLE;127861.0;904706;AQUARELA BAZZE 12 CORES CJTO;12.0;;;;SABRI RIBEIRO REPRESENTACOES E COME;UNIDADE;DEFEITO;DERRETIMENTO;ABATIMENTO;GABRIELA SOUZA DOS SANTOS
4571332468;25/02/2025;32468;HOZANA MARIA TEIXEIRA MARQUES LIRA;PB;JOAO PESSOA;123206.0;904706;AQUARELA BAZZE 12 CORES CJTO;247.0;3.86;953.42;;A E G REPRESENTACOES LTDA;UNIDADE;DEFEITO;DERRETIMENTO;BONIFICAÇÃO;ADRIANO FALCAO SARMENTO
4571332468;25/02/2025;32468;HOZANA MARIA TEIXEIRA MARQUES LIRA;PB;JOAO PESSOA;123206.0;686998;AQUARELA MEGA ACQUA COLOR 12 CORES EST;45.0;;0.0;;A E G REPRESENTACOES LTDA;UNIDADE;DEFEITO;MOFADA;BONIFICAÇÃO;ADRIANO FALCAO SARMENTO
4570662902;18/02/2025;62902;JZ PAPELARIA LTDA ME;RS;SAPUCAIA DO SUL;;904706;AQUARELA BAZZE 12 CORES CJTO;24.0;;;;MAX BREUEL E CIA LTDA;UNIDADE;DEFEITO;DERRETIMENTO;ABATIMENTO;ANDREIA AGUIAR GARCIA GASPARONI
4570880108;20/02/2025;80108;M M COMERCIO E SERVICOS LTDA;RS;CAXIAS DO SUL;;904706;AQUARELA BAZZE 12 CORES CJTO;27.0;4.38;11.825.999.999.999.900;;MAX BREUEL E CIA LTDA;UNIDADE;DEFEITO;DERRETIMENTO;ABATIMENTO;ANDREIA AGUIAR GARCIA GASPARONI
4572380182;07/03/2025;80182;MADEIRA PAPELARIA COMERCIO E SERVICLTDA;RO;PORTO VELHO;127705.0;904706;AQUARELA BAZZE 12 CORES CJTO;28.0;4.978;139.384;;MERCI REPRESENTACOES COMERCIAIS LTD;UNIDADE;DEFEITO;DERRETIMENTO;DEVOLUÇÃO;ADRIANO FALCAO SARMENTO
4574759243;31/03/2025;59243;SODRE DIAS COMERCIO DE BRINQUEDOS LME;BA;SALVADOR;147267.0;904706;AQUARELA BAZZE 12 CORES CJTO;34.0;478.185;16.258.290.000.000.000;;CRISTIANE RODEIRO SCHLEU;UNIDADE;DEFEITO;DERRETIMENTO;DEVOLUÇÃO;ANDREIA AGUIAR GARCIA GASPARONI
4574071242;24/03/2025;71242;A2 VARIEDADES LTDA;BA;SALVADOR;125291.0;904706;AQUARELA BAZZE 12 CORES CJTO;25.0;4.71;117.75;;CRISTIANE RODEIRO SCHLEU;UNIDADE;DEFEITO;DERRETIMENTO;DEVOLUÇÃO;ANDREIA AGUIAR GARCIA GASPARONI
4574029936;24/03/2025;29936;LIVRARIA E PAPELARIA MARIELLE LTDA;SC;TUBARAO;123231.0;904706;AQUARELA BAZZE 12 CORES CJTO;5.0;;;;SABRI RIBEIRO REPRESENTACOES E COME;UNIDADE;DEFEITO;DERRETIMENTO;ABATIMENTO;GABRIELA SOUZA DOS SANTOS
4574462221;28/03/2025;62221;PINGUIM COMERCIO VAREJISTA LTDA ME;SE;ARACAJU;129995.0;904706;AQUARELA BAZZE 12 CORES CJTO;39.0;;;;W LIRA REPRESENTACOES EIRELI;UNIDADE;DEFEITO;DERRETIMENTO;DEVOLUÇÃO;ADRIANO FALCAO SARMENTO
4572283538;06/03/2025;83538;EMBARE VARIEDADES LTDA;SP;SANTOS;145769.0;904706;AQUARELA BAZZE 12 CORES CJTO;12.0;4.78;57.36;;BRASILIA E SANTOS REP COM DE ARTIGO;UNIDADE;DEFEITO;DERRETIMENTO;ABATIMENTO;ADRIANO FALCAO SARMENTO
4572772993;11/03/2025;72993;ACF PAPELARIA LTDA;RJ;NITEROI;126995.0;904706;AQUARELA BAZZE 12 CORES CJTO;12.0;4.49;53.88;;JJM REPRESENTACOES LTDA;UNIDADE;DEFEITO;DERRETIMENTO;ABATIMENTO;ANDREIA AGUIAR GARCIA GASPARONI
4572772993;11/03/2025;72993;ACF PAPELARIA LTDA;RJ;NITEROI;126995.0;903938;GRAMP BAZZE B5309 25F PLAST COR DP 6UN;1.0;6.55;6.55;;JJM REPRESENTACOES LTDA;UNIDADE;DEFEITO;NÃO INFORMADO;ABATIMENTO;ANDREIA AGUIAR GARCIA GASPARONI
4573629741;20/03/2025;29741;DISTRIBUIDORA SAO PEDRO LTDA;PR;CURITIBA;142429.0;904706;AQUARELA BAZZE 12 CORES CJTO;42.0;36.695;154.119;;ETK REPRESENTACOES COMERCIAIS LTDA;UNIDADE;DEFEITO;DERRETIMENTO;DEVOLUÇÃO;GABRIELA SOUZA DOS SANTOS
4573075376;14/03/2025;75376;L C R NEVES PAPELARIA LTDA;PA;MARABA;139063.0;904706;AQUARELA BAZZE 12 CORES CJTO;43.0;5.28;227.04;;MAIRA BERILDA VIRGINIA FRANCO PINTO;UNIDADE;DEFEITO;DERRETIMENTO;BONIFICAÇÃO;MAIRA BERILDA VIRGINIA FRANCO PINTO
4577166327;24/04/2025;66327;SF COMERCIO DE UTILIDADES LTDA;SC;SAO FRANCISCO DO SUL;146589.0;904706;AQUARELA BAZZE 12 CORES CJTO;17.0;;;;SABRI RIBEIRO REPRESENTACOES E COME;UNIDADE;DEFEITO;DERRETIMENTO;ABATIMENTO;GABRIELA SOUZA DOS SANTOS
4576366141;16/04/2025;66141;FESTINFAN COMERCIO VAREJISTA LTDA;CE;CAUCAIA;126548.0;904706;AQUARELA BAZZE 12 CORES CJTO;28.0;4.44;12.432.000.000.000.000;;PAUTA REPRESENTACOES LTDA;UNIDADE;DEFEITO;DERRETIMENTO;BONIFICAÇÃO;ADRIANO FALCAO SARMENTO
4577626991;29/04/2025;26991;COMERCIAL DE UTILIDADES DOMESTICASMATEPLAS;MS;PONTA PORA;119829.0;904065;CANETA ESF BAZZE WAVE 0.7 REGULAR PT24UN;1.0;0.7;0.7;;REALSI REPRESENTACOES LTDA;UNIDADE;DEFEITO;CANETAS SECAS;ABATIMENTO;ANDREIA AGUIAR GARCIA GASPARONI
4577626991;29/04/2025;26991;COMERCIAL DE UTILIDADES DOMESTICASMATEPLAS;MS;PONTA PORA;122313.0;900043;CANETA ESF BAZZE DOBLE 1.0 AZ PTO PT24UN;1.0;0.99;0.99;;REALSI REPRESENTACOES LTDA;UNIDADE;DEFEITO;CANETAS SECAS;ABATIMENTO;ANDREIA AGUIAR GARCIA GASPARONI
4577626991;29/04/2025;26991;COMERCIAL DE UTILIDADES DOMESTICASMATEPLAS;MS;PONTA PORA;122313.0;904560;CANETA ESF BAZZE DOBLE1.0 FASHION PT24UN;1.0;1.09;1.09;;REALSI REPRESENTACOES LTDA;UNIDADE;DEFEITO;CANETAS SECAS;ABATIMENTO;ANDREIA AGUIAR GARCIA GASPARONI
4577626991;29/04/2025;26991;COMERCIAL DE UTILIDADES DOMESTICASMATEPLAS;MS;PONTA PORA;149806.0;904706;AQUARELA BAZZE 12 CORES CJTO;5.0;4.2;21.0;;REALSI REPRESENTACOES LTDA;UNIDADE;DEFEITO;DERRETIMENTO;ABATIMENTO;ANDREIA AGUIAR GARCIA GASPARONI
4577179616;24/04/2025;79616;DOBRA PAPELARIA LTDA;SP;POMPEIA;130715.0;904706;AQUARELA BAZZE 12 CORES CJTO;4.0;;;;M I R REPRESENTACAO COMERCIAL EM AR;UNIDADE;DEFEITO;DERRETIMENTO;ABATIMENTO;FABIANA DOS SANTOS CHAVES
4575772273;10/04/2025;72273;JC ARTIGOS DE PAPELARIA LTDA;DF;BRASILIA;142113.0;904706;AQUARELA BAZZE 12 CORES CJTO;74.0;42.613;3.153.362;;FUTURA COMERCIO DE INFORMATICA E RE;UNIDADE;DEFEITO;DERRETIMENTO;BONIFICAÇÃO;ADRIANO FALCAO SARMENTO
4577627273;29/04/2025;27273;DINAMICA COMERCIO DE ARTIGOSDE PAPELARIA EIRELI;RO;PORTO VELHO;127438.0;904706;AQUARELA BAZZE 12 CORES CJTO;24.0;49.781;;;MERCI REPRESENTACOES COMERCIAIS LTD;UNIDADE;DEFEITO;DERRETIMENTO;DEVOLUÇÃO;ADRIANO FALCAO SARMENTO
4577627273;29/04/2025;27273;DINAMICA COMERCIO DE ARTIGOSDE PAPELARIA EIRELI;RO;PORTO VELHO;147844.0;904706;AQUARELA BAZZE 12 CORES CJTO;23.0;49.781;;;MERCI REPRESENTACOES COMERCIAIS LTD;UNIDADE;DEFEITO;DERRETIMENTO;DEVOLUÇÃO;ADRIANO FALCAO SARMENTO
4578333796;06/05/2025;33796;TEIXEIRA E CHAVES LTDA;MG;GOVERNADOR VALADARES;123228.0;904706;AQUARELA BAZZE 12 CORES CJTO;326.0;3.45;1124.7;;GYZ AM COMERCIO E REPRES DE ARTIGOS;UNIDADE;DEFEITO;DERRETIMENTO;DEVOLUÇÃO;ANDREIA AGUIAR GARCIA GASPARONI
4578259242;05/05/2025;59242;JYRAYA COMERCIO DE BRINQUEDOS LTDA;BA;SALVADOR;138757.0;904706;AQUARELA BAZZE 12 CORES CJTO;6.0;4.71;28.259.999.999.999.900;;CRISTIANE RODEIRO SCHLEU;UNIDADE;DEFEITO;DERRETIMENTO;DEVOLUÇÃO;ANDREIA AGUIAR GARCIA GASPARONI
4579131078;14/05/2025;31078;LIVRARIA E PAPELARIA ARCO IRIS COMERCIO E REPRESENTACAO LTDA;PB;JOAO PESSOA;140401.0;904706;AQUARELA BAZZE 12 CORES CJTO;6.0;4.48;26.880.000.000.000.000;;A E G REPRESENTACOES LTDA;UNIDADE;DEFEITO;DERRETIMENTO;BONIFICAÇÃO;ADRIANO FALCAO SARMENTO
4580370016;26/05/2025;70016;ROYAL NORTE EMPREENDIMENTOSCOMERCIA;MG;TAIOBEIRAS;128359.0;904706;AQUARELA BAZZE 12 CORES CJTO;10.0;4.97;49.699.999.999.999.900;;TALENT REPRESENTACOES LTDA;UNIDADE;DEFEITO;DERRETIMENTO;ABATIMENTO;ADRIANO FALCAO SARMENTO
4580176912;24/05/2025;76912;ANA JULIA SOARES DE SOUSA MOTA;MG;JAIBA;138912.0;904706;AQUARELA BAZZE 12 CORES CJTO;9.0;4.97;44.73;;TALENT REPRESENTACOES LTDA;UNIDADE;DEFEITO;DERRETIMENTO;BONIFICAÇÃO;ADRIANO FALCAO SARMENTO
4580065204;23/05/2025;65204;L C VAZ DISTRIBUIDORA LTDA ME;MA;SAO LUIS;123213.0;904706;AQUARELA BAZZE 12 CORES CJTO;30.0;3.534;106.02;;MENDES REPRESENTACOES LTDA;UNIDADE;DEFEITO;DERRETIMENTO;ABATIMENTO;FABIANA DOS SANTOS CHAVES
4579936084;22/05/2025;36084;DJANIRA PRESENTES LTDA;MA;SAO LUIS;130654.0;904706;AQUARELA BAZZE 12 CORES CJTO;10.0;44.854;44.854;;MENDES REPRESENTACOES LTDA;UNIDADE;DEFEITO;DERRETIMENTO;ABATIMENTO;FABIANA DOS SANTOS CHAVES
4578332369;06/05/2025;32369;CAVALCANTE LAGES LTDA ME;AP;MACAPA;150124.0;904706;AQUARELA BAZZE 12 CORES CJTO;16.0;4.2;67.2;;H M G COMERCIO E REPRESENTACAO LTDA;UNIDADE;DEFEITO;DERRETIMENTO;ABATIMENTO;ADRIANO FALCAO SARMENTO
4581974581;11/06/2025;74581;BAZAR BANDEIRANTES LTDA;MA;ACAILANDIA;150338.0;904706;AQUARELA BAZZE 12 CORES CJTO;96.0;;;;D B OLIVEIRA COMERCIO E REPRESENTAC;UNIDADE;DEFEITO;DERRETIMENTO;BONIFICAÇÃO;ADRIANO FALCAO SARMENTO
4583173861;23/06/2025;73861;HIPER DIFERENTE ATACADO DE VARIEDADES LTDA;SC;BALNEARIO CAMBORIU;146017.0;904706;AQUARELA BAZZE 12 CORES CJTO;55.0;;;;SABRI RIBEIRO REPRESENTACOES E COME;UNIDADE;DEFEITO;DERRETIMENTO;DEVOLUÇÃO;GABRIELA SOUZA DOS SANTOS
4581166647;03/06/2025;66647;TOT PAPELARIA LTDA;RS;CACHOEIRINHA;102899.0;608037;COLA BASTAO BAZZE 10G SHRK 12UN;58.0;29.0;;;CLARISSA DIAS DE SOUZA;UNIDADE;DEFEITO;;ABATIMENTO;CLARISSA DIAS DE SOUZA
4581166647;03/06/2025;66647;TOT PAPELARIA LTDA;RS;CACHOEIRINHA;102899.0;904706;AQUARELA BAZZE 12 CORES CJTO;6.0;25.32;;;CLARISSA DIAS DE SOUZA;UNIDADE;DEFEITO;;ABATIMENTO;CLARISSA DIAS DE SOUZA
4581166647;03/06/2025;66647;TOT PAPELARIA LTDA;RS;CACHOEIRINHA;102899.0;905024;CANETA ESF TRIS ASTRO 1.0 10CORES DP12UN;1.0;9.75;;;CLARISSA DIAS DE SOUZA;UNIDADE;DEFEITO;;ABATIMENTO;CLARISSA DIAS DE SOUZA
4581166647;03/06/2025;66647;TOT PAPELARIA LTDA;RS;CACHOEIRINHA;102899.0;653396;CANETA ESF BAZZE SIX PTO CX 50UN;17.0;5.61;;;CLARISSA DIAS DE SOUZA;UNIDADE;DEFEITO;;ABATIMENTO;CLARISSA DIAS DE SOUZA
4581166647;03/06/2025;66647;TOT PAPELARIA LTDA;RS;CACHOEIRINHA;102899.0;904348;GRAMP MINI BAZZE B5101 C GRAMPO CART2PCS;1.0;5.47;;;CLARISSA DIAS DE SOUZA;UNIDADE;DEFEITO;;ABATIMENTO;CLARISSA DIAS DE SOUZA
4581166647;03/06/2025;66647;TOT PAPELARIA LTDA;RS;CACHOEIRINHA;102899.0;903938;GRAMP BAZZE B5309 25F PLAST COR DP 6UN;1.0;6.47;;;CLARISSA DIAS DE SOUZA;UNIDADE;DEFEITO;;ABATIMENTO;CLARISSA DIAS DE SOUZA
4581166647;03/06/2025;66647;TOT PAPELARIA LTDA;RS;CACHOEIRINHA;102899.0;681092;CANETA BORRACHA TRIS FIT CX DP 24 UN;1.0;3.54;;;CLARISSA DIAS DE SOUZA;UNIDADE;DEFEITO;;ABATIMENTO;CLARISSA DIAS DE SOUZA
4581166647;03/06/2025;66647;TOT PAPELARIA LTDA;RS;CACHOEIRINHA;102899.0;690933;CANETA CORRETIVA 4ML PETIT 4COR DP 12UN;12.0;38.97;;;CLARISSA DIAS DE SOUZA;UNIDADE;DEFEITO;;ABATIMENTO;CLARISSA DIAS DE SOUZA
4581166647;03/06/2025;66647;TOT PAPELARIA LTDA;RS;CACHOEIRINHA;102899.0;689180;MARCADOR METAL ARTOOLS PTADUPLA PRA AV;10.0;27.72;;;CLARISSA DIAS DE SOUZA;UNIDADE;DEFEITO;;ABATIMENTO;CLARISSA DIAS DE SOUZA
4581166647;03/06/2025;66647;TOT PAPELARIA LTDA;RS;CACHOEIRINHA;102899.0;689982;MARCADOR METAL ARTOOLS PTADUPLA VM AV;3.0;6.17;;;CLARISSA DIAS DE SOUZA;UNIDADE;DEFEITO;;ABATIMENTO;CLARISSA DIAS DE SOUZA
4581166647;03/06/2025;66647;TOT PAPELARIA LTDA;RS;CACHOEIRINHA;102899.0;689975;MARCADOR METAL ARTOOLS PTADUPLA VD AV;1.0;6.17;;;CLARISSA DIAS DE SOUZA;UNIDADE;DEFEITO;;ABATIMENTO;CLARISSA DIAS DE SOUZA
4581166647;03/06/2025;66647;TOT PAPELARIA LTDA;RS;CACHOEIRINHA;102899.0;689951;MARCADOR METAL ARTOOLS PTADUPLA ROX AV;1.0;6.17;;;CLARISSA DIAS DE SOUZA;UNIDADE;DEFEITO;;ABATIMENTO;CLARISSA DIAS DE SOUZA
4581166647;03/06/2025;66647;TOT PAPELARIA LTDA;RS;CACHOEIRINHA;102899.0;689173;MARCADOR METAL ARTOOLS PTADUPLA OUR AV;1.0;6.17;;;CLARISSA DIAS DE SOUZA;UNIDADE;DEFEITO;;ABATIMENTO;CLARISSA DIAS DE SOUZA
4581166647;03/06/2025;66647;TOT PAPELARIA LTDA;RS;CACHOEIRINHA;102899.0;905093;CANETA GEL TRIS RAINBOW 1.0 DP 24UN;15.0;60.0;;;CLARISSA DIAS DE SOUZA;UNIDADE;DEFEITO;;ABATIMENTO;CLARISSA DIAS DE SOUZA
4581166647;03/06/2025;66647;TOT PAPELARIA LTDA;RS;CACHOEIRINHA;102899.0;687001;GIZ RETRATIL NEW TWIST 12 COR CJTO;2.0;28.9;;;CLARISSA DIAS DE SOUZA;UNIDADE;DEFEITO;;ABATIMENTO;CLARISSA DIAS DE SOUZA
4581136409;03/06/2025;36409;INFOPEL INFORMATICA PAPELARIA ELIVRDE IPIAU EIRELI EPP;BA;IPIAU;135738.0;904706;AQUARELA BAZZE 12 CORES CJTO;36.0;4.11;147.96;;CRISTIANE RODEIRO SCHLEU;UNIDADE;DEFEITO;DERRETIMENTO;ABATIMENTO;ANDREIA AGUIAR GARCIA GASPARONI
4583381097;25/06/2025;81097;AZELIMA LTDA;ES;VILA VELHA;134231.0;904706;AQUARELA BAZZE 12 CORES CJTO;5.0;4.73;23.650.000.000.000.000;;ISAMAR REPRESENTACOES COMERCIAIS LT;UNIDADE;DEFEITO;DERRETIMENTO;ABATIMENTO;ANDREIA AGUIAR GARCIA GASPARONI
4581030414;02/06/2025;30414;MEC TOCA COMERCIAL DISTRIBUIDORA LTDA;SP;RIBEIRAO PRETO;;611846;TESOURA ESC TRIS CLASS PAST DP 24UN;1.0;2.49;2.49;;G2 REPRESENTACOES COMERCIAIS LTDA;UNIDADE;DEFEITO;;BONIFICAÇÃO;GABRIELA SOUZA DOS SANTOS
4581030414;02/06/2025;30414;MEC TOCA COMERCIAL DISTRIBUIDORA LTDA;SP;RIBEIRAO PRETO;;686998;AQUARELA MEGA ACQUA COLOR 12 CORES EST;17.0;9.48;161.16;;G2 REPRESENTACOES COMERCIAIS LTDA;UNIDADE;DEFEITO;;BONIFICAÇÃO;GABRIELA SOUZA DOS SANTOS
4581030414;02/06/2025;30414;MEC TOCA COMERCIAL DISTRIBUIDORA LTDA;SP;RIBEIRAO PRETO;;683836;CARIMBO AUTOTINTADO FROZEN CX DP 12 UN;1.0;2.0;2.0;;G2 REPRESENTACOES COMERCIAIS LTDA;UNIDADE;DEFEITO;;BONIFICAÇÃO;GABRIELA SOUZA DOS SANTOS
4581030414;02/06/2025;30414;MEC TOCA COMERCIAL DISTRIBUIDORA LTDA;SP;RIBEIRAO PRETO;;683744;HIDROCOR PT DUPLA MEGAHIDRO DUO24CORCJTO;1.0;17.62;17.62;;G2 REPRESENTACOES COMERCIAIS LTDA;UNIDADE;DEFEITO;;BONIFICAÇÃO;GABRIELA SOUZA DOS SANTOS
4581030414;02/06/2025;30414;MEC TOCA COMERCIAL DISTRIBUIDORA LTDA;SP;RIBEIRAO PRETO;;683263;CANETA GEL TRIS INKFINITY METPAST DP50UN;17.0;2.39;40.63;;G2 REPRESENTACOES COMERCIAIS LTDA;UNIDADE;DEFEITO;;BONIFICAÇÃO;GABRIELA SOUZA DOS SANTOS
4581030414;02/06/2025;30414;MEC TOCA COMERCIAL DISTRIBUIDORA LTDA;SP;RIBEIRAO PRETO;;677347;GRAMPEADOR 26 6 T405 POP 15F PLAST DP6UN;2.0;9.98;19.96;;G2 REPRESENTACOES COMERCIAIS LTDA;UNIDADE;DEFEITO;;BONIFICAÇÃO;GABRIELA SOUZA DOS SANTOS
4581030414;02/06/2025;30414;MEC TOCA COMERCIAL DISTRIBUIDORA LTDA;SP;RIBEIRAO PRETO;;687575;GRAMPEADOR MINI 26 6 T318 POP 12F DP12UN;2.0;7.76;15.52;;G2 REPRESENTACOES COMERCIAIS LTDA;UNIDADE;DEFEITO;;BONIFICAÇÃO;GABRIELA SOUZA DOS SANTOS
4581030414;02/06/2025;30414;MEC TOCA COMERCIAL DISTRIBUIDORA LTDA;SP;RIBEIRAO PRETO;;677354;GRAMPEADOR 26 6 T317 POP12F PLAST DP12UN;1.0;7.76;7.76;;G2 REPRESENTACOES COMERCIAIS LTDA;UNIDADE;DEFEITO;;BONIFICAÇÃO;GABRIELA SOUZA DOS SANTOS
4581030414;02/06/2025;30414;MEC TOCA COMERCIAL DISTRIBUIDORA LTDA;SP;RIBEIRAO PRETO;;632759;GIZ RETR TRIS MEGA GEL PAST 6COR CJTO;1.0;18.95;18.95;;G2 REPRESENTACOES COMERCIAIS LTDA;UNIDADE;DEFEITO;;BONIFICAÇÃO;GABRIELA SOUZA DOS SANTOS
4581030414;02/06/2025;30414;MEC TOCA COMERCIAL DISTRIBUIDORA LTDA;SP;RIBEIRAO PRETO;;613031;GRAMP BAZZE B5315 50F METAL UN;1.0;16.63;16.63;;G2 REPRESENTACOES COMERCIAIS LTDA;UNIDADE;DEFEITO;;BONIFICAÇÃO;GABRIELA SOUZA DOS SANTOS
4581030414;02/06/2025;30414;MEC TOCA COMERCIAL DISTRIBUIDORA LTDA;SP;RIBEIRAO PRETO;;614274;MARCADOR QDO BCO BAZZE PTO CX 12UN;15.0;1.03;15.450.000.000.000.000;;G2 REPRESENTACOES COMERCIAIS LTDA;UNIDADE;DEFEITO;;BONIFICAÇÃO;GABRIELA SOUZA DOS SANTOS
4581030414;02/06/2025;30414;MEC TOCA COMERCIAL DISTRIBUIDORA LTDA;SP;RIBEIRAO PRETO;;618647;CALCULADORA MESA BAZZE B3562 CX 1UN;1.0;11.3;11.3;;G2 REPRESENTACOES COMERCIAIS LTDA;UNIDADE;DEFEITO;;BONIFICAÇÃO;GABRIELA SOUZA DOS SANTOS
4581030414;02/06/2025;30414;MEC TOCA COMERCIAL DISTRIBUIDORA LTDA;SP;RIBEIRAO PRETO;;901248;GRAMPEADOR TRIS HOLIC MINERAL CX 1UN;2.0;12.3;24.6;;G2 REPRESENTACOES COMERCIAIS LTDA;UNIDADE;DEFEITO;;BONIFICAÇÃO;GABRIELA SOUZA DOS SANTOS
4581030414;02/06/2025;30414;MEC TOCA COMERCIAL DISTRIBUIDORA LTDA;SP;RIBEIRAO PRETO;;686936;GIZ RETRATIL MEGA GEL COLOR 12 COR CJTO;1.0;31.92;31.92;;G2 REPRESENTACOES COMERCIAIS LTDA;UNIDADE;DEFEITO;;BONIFICAÇÃO;GABRIELA SOUZA DOS SANTOS
4581030414;02/06/2025;30414;MEC TOCA COMERCIAL DISTRIBUIDORA LTDA;SP;RIBEIRAO PRETO;;614328;MARCADOR CD DVD E RETRO BAZZE PTO CX12UN;6.0;0.83;49.799.999.999.999.900;;G2 REPRESENTACOES COMERCIAIS LTDA;UNIDADE;DEFEITO;;BONIFICAÇÃO;GABRIELA SOUZA DOS SANTOS
4581030414;02/06/2025;30414;MEC TOCA COMERCIAL DISTRIBUIDORA LTDA;SP;RIBEIRAO PRETO;;902597;LAPISEIRA TRIS HOLIC GUMMY 0.7MM DP24UN;1.0;2.41;2.41;;G2 REPRESENTACOES COMERCIAIS LTDA;UNIDADE;DEFEITO;;BONIFICAÇÃO;GABRIELA SOUZA DOS SANTOS
4581030414;02/06/2025;30414;MEC TOCA COMERCIAL DISTRIBUIDORA LTDA;SP;RIBEIRAO PRETO;;614335;MARCADOR CD DVD E RETRO BAZZE AZ CX12UN;5.0;0.83;41.499.999.999.999.900;;G2 REPRESENTACOES COMERCIAIS LTDA;UNIDADE;DEFEITO;;BONIFICAÇÃO;GABRIELA SOUZA DOS SANTOS
4581030414;02/06/2025;30414;MEC TOCA COMERCIAL DISTRIBUIDORA LTDA;SP;RIBEIRAO PRETO;;614281;MARCADOR QDO BCO BAZZE VM CX 12UN;1.0;1.03;1.03;;G2 REPRESENTACOES COMERCIAIS LTDA;UNIDADE;DEFEITO;;BONIFICAÇÃO;GABRIELA SOUZA DOS SANTOS
4581030414;02/06/2025;30414;MEC TOCA COMERCIAL DISTRIBUIDORA LTDA;SP;RIBEIRAO PRETO;;900890;CANETA TRIS HOLIC 8 COR 0.7MM DP 24UN;1.0;7.48;7.48;;G2 REPRESENTACOES COMERCIAIS LTDA;UNIDADE;DEFEITO;;BONIFICAÇÃO;GABRIELA SOUZA DOS SANTOS
4581030414;02/06/2025;30414;MEC TOCA COMERCIAL DISTRIBUIDORA LTDA;SP;RIBEIRAO PRETO;;683706;HIDROCOR PF MEGA HIDROCOLOR 24 COR CJTO;1.0;11.69;11.69;;G2 REPRESENTACOES COMERCIAIS LTDA;UNIDADE;DEFEITO;;BONIFICAÇÃO;GABRIELA SOUZA DOS SANTOS
4581030414;02/06/2025;30414;MEC TOCA COMERCIAL DISTRIBUIDORA LTDA;SP;RIBEIRAO PRETO;;686455;GIZ LIQUIDO TRIS POP OFFICE 5 CORES CJTO;9.0;29.91;269.19;;G2 REPRESENTACOES COMERCIAIS LTDA;UNIDADE;DEFEITO;;BONIFICAÇÃO;GABRIELA SOUZA DOS SANTOS
4581030414;02/06/2025;30414;MEC TOCA COMERCIAL DISTRIBUIDORA LTDA;SP;RIBEIRAO PRETO;;613031;GRAMP BAZZE B5315 50F METAL UN;1.0;17.46;17.46;;G2 REPRESENTACOES COMERCIAIS LTDA;UNIDADE;DEFEITO;;BONIFICAÇÃO;GABRIELA SOUZA DOS SANTOS
4581030414;02/06/2025;30414;MEC TOCA COMERCIAL DISTRIBUIDORA LTDA;SP;RIBEIRAO PRETO;;614014;MARCADOR PERM BAZZE PTO CX 12UN;3.0;0.89;2.67;;G2 REPRESENTACOES COMERCIAIS LTDA;UNIDADE;DEFEITO;;BONIFICAÇÃO;GABRIELA SOUZA DOS SANTOS
4581030414;02/06/2025;30414;MEC TOCA COMERCIAL DISTRIBUIDORA LTDA;SP;RIBEIRAO PRETO;;613017;GRAMP BAZZE B5945G 30F METAL UN;1.0;8.12;8.12;;G2 REPRESENTACOES COMERCIAIS LTDA;UNIDADE;DEFEITO;;BONIFICAÇÃO;GABRIELA SOUZA DOS SANTOS
4581030414;02/06/2025;30414;MEC TOCA COMERCIAL DISTRIBUIDORA LTDA;SP;RIBEIRAO PRETO;;906977;CARIMBO AUTO TRIS WOW! DP 24UN;1.0;1.5;1.5;;G2 REPRESENTACOES COMERCIAIS LTDA;UNIDADE;DEFEITO;;BONIFICAÇÃO;GABRIELA SOUZA DOS SANTOS
4581030414;02/06/2025;30414;MEC TOCA COMERCIAL DISTRIBUIDORA LTDA;SP;RIBEIRAO PRETO;;905093;CANETA GEL TRIS RAINBOW 1.0 DP 24UN;4.0;3.33;13.32;;G2 REPRESENTACOES COMERCIAIS LTDA;UNIDADE;DEFEITO;;BONIFICAÇÃO;GABRIELA SOUZA DOS SANTOS
4581030414;02/06/2025;30414;MEC TOCA COMERCIAL DISTRIBUIDORA LTDA;SP;RIBEIRAO PRETO;;619972;TESOURA ESC LEFTY CANHOTO 13CM CART 1 UN;1.0;3.79;3.79;;G2 REPRESENTACOES COMERCIAIS LTDA;UNIDADE;DEFEITO;;BONIFICAÇÃO;GABRIELA SOUZA DOS SANTOS
4581030414;02/06/2025;30414;MEC TOCA COMERCIAL DISTRIBUIDORA LTDA;SP;RIBEIRAO PRETO;;904706;AQUARELA BAZZE 12 CORES CJTO;1.0;3.99;3.99;;G2 REPRESENTACOES COMERCIAIS LTDA;UNIDADE;DEFEITO;;BONIFICAÇÃO;GABRIELA SOUZA DOS SANTOS
4581030414;02/06/2025;30414;MEC TOCA COMERCIAL DISTRIBUIDORA LTDA;SP;RIBEIRAO PRETO;;904072;CANETA ESF BAZZE WAVE 0.7 REGULR CART3UN;1.0;2.33;2.33;;G2 REPRESENTACOES COMERCIAIS LTDA;UNIDADE;DEFEITO;;BONIFICAÇÃO;GABRIELA SOUZA DOS SANTOS
4581030414;02/06/2025;30414;MEC TOCA COMERCIAL DISTRIBUIDORA LTDA;SP;RIBEIRAO PRETO;;902917;LAPIS GRAF BAZZE HB SEXT REC CX144UN;4.0;0.14;0.56;;G2 REPRESENTACOES COMERCIAIS LTDA;UNIDADE;DEFEITO;;BONIFICAÇÃO;GABRIELA SOUZA DOS SANTOS
4581030414;02/06/2025;30414;MEC TOCA COMERCIAL DISTRIBUIDORA LTDA;SP;RIBEIRAO PRETO;;901972;CANETA GEL APG TRIS HOLIC MI-AU DP24UN;1.0;6.65;6.65;;G2 REPRESENTACOES COMERCIAIS LTDA;UNIDADE;DEFEITO;;BONIFICAÇÃO;GABRIELA SOUZA DOS SANTOS
4581030414;02/06/2025;30414;MEC TOCA COMERCIAL DISTRIBUIDORA LTDA;SP;RIBEIRAO PRETO;;902122;LAPIS COR BAZZE WAVE SEXT REC 12COR CJTO;1.0;1.92;1.92;;G2 REPRESENTACOES COMERCIAIS LTDA;UNIDADE;DEFEITO;;BONIFICAÇÃO;GABRIELA SOUZA DOS SANTOS
4583565619;27/06/2025;65619;PAULO ASSIS CABRAL E CIA LTDA;RS;XANGRI-LA;125726.0;904706;AQUARELA BAZZE 12 CORES CJTO;14.0;5.34;7.475.999.999.999.990;;MAX BREUEL E CIA LTDA;UNIDADE;DEFEITO;DERRETIMENTO;BONIFICAÇÃO;ANDREIA AGUIAR GARCIA GASPARONI
4584277485;04/07/2025;77485;RIO TURY FESTAS E EMBALAGENS LTDA;MA;SAO LUIS;141293.0;905093;CANETA GEL TRIS RAINBOW 1.0 DP 24UN;22.0;3.381;7.438.199.999.999.990;;MENDES REPRESENTACOES LTDA;UNIDADE;DEFEITO;CANETA COM VAZAMENTO;ABATIMENTO;FABIANA DOS SANTOS CHAVES
4584461635;06/07/2025;61635;DIGIPAPERCOMERCIAL E EVENTOS EIRELIME;CE;PARAIPABA;;904706;AQUARELA BAZZE 12 CORES CJTO;11.0;4.88;53.68;;PAUTA REPRESENTACOES LTDA;UNIDADE;DEFEITO;DERRETIMENTO;ABATIMENTO;ADRIANO FALCAO SARMENTO
4584672432;08/07/2025;72432;AKAI KB MAGAZINE E COSMETICOS LTDA;SP;SAO VICENTE;140268.0;904706;AQUARELA BAZZE 12 CORES CJTO;24.0;4.78;114.72;;BRASILIA E SANTOS REP COM DE ARTIGO;UNIDADE;DEFEITO;DERRETIMENTO;DEVOLUÇÃO;ADRIANO FALCAO SARMENTO
4584672955;08/07/2025;72955;AGM CONSULTORIAS EMPRESARIAIS E REPRESENTACOES LTDA;RJ;SAO GONCALO;139126.0;905093;CANETA GEL TRIS RAINBOW 1.0 DP 24UN;1.0;77.3;77.3;;JJM REPRESENTACOES LTDA;DISPLAY;DEFEITO;CANETA COM VAZAMENTO;ABATIMENTO;ANDREIA AGUIAR GARCIA GASPARONI
4584175905;03/07/2025;75905;M I M CARVALHO;MA;SAO LUIS;150463.0;905093;CANETA GEL TRIS RAINBOW 1.0 DP 24UN;24.0;43.367;10.408.080.000.000.000;;MENDES REPRESENTACOES LTDA;DISPLAY;DEFEITO;CANETA COM VAZAMENTO;ABATIMENTO;FABIANA DOS SANTOS CHAVES
4584964388;11/07/2025;64388;KOSAS COMERCIO DE MATERIAIS DE ESCE PAP LTDA ME;SC;ITAPEMA;154292.0;904706;AQUARELA BAZZE 12 CORES CJTO;6.0;48.617;291.702;;SABRI RIBEIRO REPRESENTACOES E COME;UNIDADE;DEFEITO;DERRETIMENTO;ABATIMENTO;GABRIELA SOUZA DOS SANTOS
4584533831;07/07/2025;33831;DAIARA COMERCIO DE MATERIAIS ARTISTICOS LTDA;PR;CURITIBA;152681.0;683386;CANETA GEL TRIS INKFINITY PASTEL CART3UN;12.0;9.05;10.860.000.000.000.000;;ETK REPRESENTACOES COMERCIAIS LTDA;CARTELA;DEFEITO;PONTAS SECAS;ABATIMENTO;GABRIELA SOUZA DOS SANTOS
4586230005;24/07/2025;30005;XANDRELA PAP E ANTIGUIDADES LTDA ME;PR;ARAUCARIA;127147.0;904706;AQUARELA BAZZE 12 CORES CJTO;2.0;4.44;8.88;;ETK REPRESENTACOES COMERCIAIS LTDA;UNIDADE;DEFEITO;DERRETIMENTO;ABATIMENTO;GABRIELA SOUZA DOS SANTOS
4586230005;24/07/2025;30005;XANDRELA PAP E ANTIGUIDADES LTDA ME;PR;ARAUCARIA;121208.0;600772;PERF BAZZE 1 FURO 8F METAL UN;1.0;4.36;4.36;;ETK REPRESENTACOES COMERCIAIS LTDA;UNIDADE;DEFEITO;NÃO INFORMADO;ABATIMENTO;GABRIELA SOUZA DOS SANTOS
4583961635;01/07/2025;61635;DIGIPAPERCOMERCIAL E EVENTOS EIRELIME;CE;PARAIPABA;;904706;AQUARELA BAZZE 12 CORES CJTO;11.0;4.88;53.68;;PAUTA REPRESENTACOES LTDA;;DEFEITO;DERRETIDO;BONIFICAÇÃO;ADRIANO FALCAO SARMENTO
4584731902;09/07/2025;31902;BRUNO TERTULINO TAVEIRA;PB;CAMPINA GRANDE;123845.0;904706;AQUARELA BAZZE 12 CORES CJTO;27.0;4.11;11.097.000.000.000.000;;A E G REPRESENTACOES LTDA;UNIDADE;DEFEITO;DERRETIMENTO;ABATIMENTO;ADRIANO FALCAO SARMENTO
4585470643;16/07/2025;70643;JANAINA DE LIMA KELLER;RS;SANTA MARIA;155051.0;904706;AQUARELA BAZZE 12 CORES CJTO;6.0;5.01;30.1;;MAX BREUEL E CIA LTDA;UNIDADE;DEFEITO;DERRETIMENTO;ABATIMENTO;ANDREIA AGUIAR GARCIA GASPARONI
4585470643;16/07/2025;70643;JANAINA DE LIMA KELLER;RS;SANTA MARIA;155051.0;618623;CALCULADORA BOLSO BAZZE B3401 CX 1UN;1.0;5.62;5.62;;MAX BREUEL E CIA LTDA;UNIDADE;DEFEITO;PROBLEMA NO VISOR;ABATIMENTO;ANDREIA AGUIAR GARCIA GASPARONI
4583970549;01/07/2025;70549;OBRA-PRIMA ART TELAS E MATERIAIS PAARTES PLASTICAS LTDA;RS;PORTO ALEGRE;154617.0;908995;GRAMP TAP BAZZE B9001 METAL CART2PCS;1.0;34.2;34.2;;MAX BREUEL E CIA LTDA;UNIDADE;DEFEITO;FALTA DE PEÇAS NO PRODUTO;ABATIMENTO;ANDREIA AGUIAR GARCIA GASPARONI
4583969328;01/07/2025;69328;N T N CARRANI;ES;GUARAPARI;123878.0;627076;MARCA TEXTO TRIS FLASH 4 CORES EST;58.0;5.14;298.12;;ISAMAR REPRESENTACOES COMERCIAIS LT;UNIDADE;DEFEITO;DEFEITO;DEVOLUÇÃO;ANDREIA AGUIAR GARCIA GASPARONI
4584031264;02/07/2025;31264;MARIA APARECIDA MARIANO BRICKS;SP;SAO SEBASTIAO;;905093;CANETA GEL TRIS RAINBOW 1.0 DP 24UN;19.0;;0.0;;REPRESENTACOES J C LEMOS LTDA;UNIDADE;DEFEITO;CANETA COM VAZAMENTO;ABATIMENTO;FABIANA DOS SANTOS CHAVES
4584034886;02/07/2025;34886;LIVRARIA BRASIL ESCOLAR EIRELI;PE;JABOATAO DOS GUARARAPES;90854.0;903181;GRAMPEADOR MINI TRIS HOLIC PETIT DP 12UN;1.0;102.96;102.96;;MIGUEL TRAJANO REPRESENTACOES LTDA;UNIDADE;DEFEITO;DEFEITO;ABATIMENTO;ADRIANO FALCAO SARMENTO
4583972432;01/07/2025;72432;AKAI KB MAGAZINE E COSMETICOS LTDA;SP;SAO VICENTE;140268.0;904706;AQUARELA BAZZE 12 CORES CJTO;24.0;4.78;114.72;;BRASILIA E SANTOS REP COM DE ARTIGO;;DEFEITO;DERRETIDO;BONIFICAÇÃO;ADRIANO FALCAO SARMENTO
4583972142;01/07/2025;72142;FRANCISCO LEANDRO CARDOSO DECARVALHO;CE;GRANJA;142600.0;904706;AQUARELA BAZZE 12 CORES CJTO;3.0;4.73;14.19;;CLARISSA DIAS DE SOUZA;;DEFEITO;DERRETIDO;BONIFICAÇÃO;CLARISSA DIAS DE SOUZA
4584678292;08/07/2025;78292;PEDRO PAULO NUNES MASSENA E CIA LTDA;RS;CHARQUEADAS;146554.0;904706;AQUARELA BAZZE 12 CORES CJTO;29.0;46.725;1.355.025;;WAGNER GORZIZA DE SOUZA;UNIDADE;DEFEITO;DERRETIMENTO;BONIFICAÇÃO;WAGNER GORZIZA DE SOUZA
4593161364;01/10/2025;61364;EXPANSAO PAPELARIA E PRESENTES LTDA;PR;CURITIBA;164028.0;912930;APLICADOR ADESIVO TRIS TOY CART 1UN;2.0;22.2;44.4;;ETK REPRESENTACOES COMERCIAIS LTDA;CARTELA;DEFEITO;FALTA INTERNA DO REFIL;ABATIMENTO;GABRIELA SOUZA DOS SANTOS
4593265528;02/10/2025;65528;BARBARA FERNANDA DOS SANTOS PAPELARIA ME;PE;CABO DE SANTO AGOSTINHO;160801.0;900890;CANETA TRIS HOLIC 8 COR 0.7MM DP 24UN;15.0;11.85;177.75;;MIGUEL TRAJANO REPRESENTACOES LTDA;UNIDADE;DEFEITO;DEFEITO;ABATIMENTO;ADRIANO FALCAO SARMENTO
4593471341;04/10/2025;71341;NEW OFFICE COMERCIO DE PAPEL E DISTRIBUICAO LTDA;RS;NOVO HAMBURGO;126444.0;618630;CALCULADORA MESA BAZZE B3440 CX 1UN;7.0;205.344;1.437.408;4500117234.0;MAX BREUEL E CIA LTDA;UNIDADE;DEFEITO;PLACA METALICA SOLTANDO;BONIFICAÇÃO;ANDREIA AGUIAR GARCIA GASPARONI
4593471341;04/10/2025;71341;NEW OFFICE COMERCIO DE PAPEL E DISTRIBUICAO LTDA;RS;NOVO HAMBURGO;126444.0;618647;CALCULADORA MESA BAZZE B3562 CX 1UN;1.0;126.868;126.868;4500117234.0;MAX BREUEL E CIA LTDA;UNIDADE;DEFEITO;NÚMERO 4 NÃO FUNCIONANDO;BONIFICAÇÃO;ANDREIA AGUIAR GARCIA GASPARONI
4593471341;04/10/2025;71341;NEW OFFICE COMERCIO DE PAPEL E DISTRIBUICAO LTDA;RS;NOVO HAMBURGO;126444.0;906359;CALCULADORA MESA BAZZE B3420 CX 1UN;1.0;196.463;196.463;4500117234.0;MAX BREUEL E CIA LTDA;UNIDADE;DEFEITO;VISOR QUEBRADO;BONIFICAÇÃO;ANDREIA AGUIAR GARCIA GASPARONI
4593431154;04/10/2025;31154;S L C FLORIANO;RS;PORTO ALEGRE;146287.0;904706;AQUARELA BAZZE 12 CORES CJTO;9.0;4.74;42.660.000.000.000.000;;MAX BREUEL E CIA LTDA;UNIDADE;DEFEITO;DERRETIMENTO;BONIFICAÇÃO;ANDREIA AGUIAR GARCIA GASPARONI
4593431154;04/10/2025;31154;S L C FLORIANO;RS;PORTO ALEGRE;146287.0;905093;CANETA GEL TRIS RAINBOW 1.0 DP 24UN;1.0;94.76;94.76;;MAX BREUEL E CIA LTDA;DISPLAY;DEFEITO;CANETA COM VAZAMENTO;BONIFICAÇÃO;ANDREIA AGUIAR GARCIA GASPARONI
4593764495;07/10/2025;64495;COMERCIAL GOULARTI LTDA;ES;VARGEM ALTA;124959.0;907325;COLA BRANCA TRIS FIX SPREAD 40G AV;48.0;1.05;50.400.000.000.000.000;;ISAMAR REPRESENTACOES COMERCIAIS LT;UNIDADE;DEFEITO;COLA COM AGUA;ABATIMENTO;ANDREIA AGUIAR GARCIA GASPARONI
4593731961;07/10/2025;31961;SUELI KILPP ME;RS;NAO-ME-TOQUE;151476.0;904706;AQUARELA BAZZE 12 CORES CJTO;87.0;4.26;370.62;;MAX BREUEL E CIA LTDA;UNIDADE;DEFEITO;DERRETIMENTO;ABATIMENTO;ANDREIA AGUIAR GARCIA GASPARONI
4586274142;24/07/2025;74142;D F DA ROCHA LTDA;RS;PORTO ALEGRE;142600.0;904706;AQUARELA BAZZE 12 CORES CJTO;3.0;4.73;;;MAX BREUEL E CIA LTDA;UNIDADE;DEFEITO;DERRETIMENTO;ABATIMENTO;ANDREIA AGUIAR GARCIA GASPARONI
4593861364;08/10/2025;61364;EXPANSAO PAPELARIA E PRESENTES LTDA;PR;CURITIBA;164028.0;912930;aplicador adesivo tris toys;2.0;22.2;;;ETK REPRESENTACOES COMERCIAIS LTDA;UNIDADE;DEFEITO;SEM A FITA ADESIVA;ABATIMENTO;GABRIELA SOUZA DOS SANTOS
4593831961;08/10/2025;31961;SUELI KILPP ME;RS;NAO-ME-TOQUE;151476.0;904706;AQUARELA BAZZE 12 CORES CJTO;87.0;4.26;;;MAX BREUEL E CIA LTDA;UNIDADE;DEFEITO;DERRETIMENTO;DEVOLUÇÃO;ANDREIA AGUIAR GARCIA GASPARONI
4593870927;08/10/2025;70927;EMC DE LIMA PAPELARIA ME;SP;BRAGANCA PAULISTA;123315.0;686936;GIZ RETRATIL MEGA GEL COLOR 12 COR CJTO;1.0;36.4;;;M Y YAMAMOTO REPRESENTACAO;UNIDADE;DEFEITO;MECANISMO RETRATIL NÃO FUNCIONA;ABATIMENTO;FABIANA DOS SANTOS CHAVES
4593870927;08/10/2025;70927;EMC DE LIMA PAPELARIA ME;SP;BRAGANCA PAULISTA;123315.0;688237;GIZ RETR MEGA GEL COLOR METAL 12COR CJTO;1.0;39.44;;;M Y YAMAMOTO REPRESENTACAO;UNIDADE;DEFEITO;MECANISMO RETRATIL NÃO FUNCIONA;ABATIMENTO;FABIANA DOS SANTOS CHAVES
4593878701;08/10/2025;78701;MEGA ESTELAR PAPELARIA LTDA;SP;SÃO PAULO;156135.0;903099;TINTA GUACHE TRIS 15 ML  06 CORES ;72.0;3.18;;;WAGNER APARECIDO RAPOSO LTDA;UNIDADE;DEFEITO;MOFADO;DEVOLUÇÃO;ANDREIA AGUIAR GARCIA GASPARONI
4593971726;09/10/2025;71726;F H C ANDRADE E COMMERCE DELIVROS E PAPELARIA;SP;PEDERNEIRAS;161692.0;911520;LAPIS COR TRIS VIBES NOTURNA 72COR CJTO;2.0;133.2;;;PINHEIRO REPRESENTACOES COMERCIAIS;UNIDADE;DEFEITO;AMASSADO;DEVOLUÇÃO;GABRIELA SOUZA DOS SANTOS
4594026897;10/10/2025;26897;VIA DEL MAR MODA E PAPELARIA LTDA;SP;GUARUJA;153471.0;907653;LAPIS COR TRIS MEGA MIX 24CORES CJTO;1.0;18.84;;;BRASILIA E SANTOS REP COM DE ARTIGO;UNIDADE;DEFEITO;QUEBRADO;ABATIMENTO;ADRIANO FALCAO SARMENTO
4594334872;13/10/2025;34872;BAZAR PAPELARIA E ARMARINHOS GUILHERME GIORGI LTDA ME;SP;SAO PAULO;143659.0;905093;CANETA GEL TRIS RAINBOW 1.0 DP 24UN;2.0;87.52;;;JYL REPRESENTACOES LTDA ME;UNIDADE;DEFEITO;VAZANDO;DEVOLUÇÃO;FABIANA DOS SANTOS CHAVES
4594434797;14/10/2025;34797;PAPELARIA COMPANHIA DO PAPEL LTDA;SC;ITAJAI;159513.0;904706;AQUARELA BAZZE 12 CORES CJTO;45.0;5.12;;;SABRI RIBEIRO REPRESENTACOES E COME;UNIDADE;DEFEITO;DERRETIMENTO;ABATIMENTO;GABRIELA SOUZA DOS SANTOS
4594658010;16/10/2025;58010;SILVANA BAIOCCHI GONCALVES;SP;ITAPIRA;154529.0;618128;CALCULADORA BOLSO BAZZE TURQ CART 1UN;1.0;10.74;;;M Y YAMAMOTO REPRESENTACAO;UNIDADE;DEFEITO;VISOR QUEBRADO;ABATIMENTO;FABIANA DOS SANTOS CHAVES
4594632173;16/10/2025;32173;COMERCIAL PRECO BOM Z E C LTDA ME;SC;IMBITUBA;137783.0;905093;CANETA GEL TRIS RAINBOW 1.0 DP 24UN;24.0;3.81;;;SABRI RIBEIRO REPRESENTACOES E COME;UNIDADE;DEFEITO;SECAS;ABATIMENTO;GABRIELA SOUZA DOS SANTOS
4594632173;16/10/2025;32173;COMERCIAL PRECO BOM Z E C LTDA ME;SC;IMBITUBA;127791.0;683270;CANETA GEL TRIS INKFINITY REGFASH DP50UN;26.0;2.58;;;SABRI RIBEIRO REPRESENTACOES E COME;UNIDADE;DEFEITO;SECAS;ABATIMENTO;GABRIELA SOUZA DOS SANTOS
4594678349;16/10/2025;78349;MARION DA S VELASQUE LTDA;RS;RIO GRANDE;165403.0;910455;CANETA ESF TRIS NAPOLITANO 0.7 PT24UN;10.0;54.72;;;MAX BREUEL E CIA LTDA;UNIDADE;DEFEITO;SEM AROMA;DEVOLUÇÃO;ANDREIA AGUIAR GARCIA GASPARONI
4594678349;16/10/2025;78349;MARION DA S VELASQUE LTDA;RS;RIO GRANDE;165403.0;910288;CANETA ESF TRIS HOLIC COFFEE 1.0 PT24UN;10.0;59.28;;;MAX BREUEL E CIA LTDA;UNIDADE;DEFEITO;SEM AROMA;DEVOLUÇÃO;ANDREIA AGUIAR GARCIA GASPARONI
4595067051;20/10/2025;67051;MS COMERCIO DE MATERIAIS E ARTIGOSDPAPELARIA EIRELI ME;MT;CUIABA;141132.0;905093;CANETA GEL TRIS RAINBOW 1.0 DP 24UN;29.0;4.45;;;PAULIPEL REPRESENTACOES COMERCIAIS;UNIDADE;DEFEITO;SEM TINTA;ABATIMENTO;ANDREIA AGUIAR GARCIA GASPARONI
4595080298;20/10/2025;80298;RYDLAV COMERCIO DE VARIEDADES LTDA;PR;CURITIBA;156948.0;614618;ESTILETE BAZZE PLAST B4002 L LARG CX12UN;4.0;0.9;;;ETK REPRESENTACOES COMERCIAIS LTDA;UNIDADE;DEFEITO;ENFERRUJADO ;ABATIMENTO;GABRIELA SOUZA DOS SANTOS
4595167012;21/10/2025;67012;OSMAR P ALBUQUERQUE FILHO ME;CE;CAMOCIM;65154.0;600987;CANETA ESF TRIS HAPPY POTE 40UN;3.0;124.35;;;PAUTA REPRESENTACOES LTDA;UNIDADE;DEFEITO;FALHANDO;ABATIMENTO;ADRIANO FALCAO SARMENTO
4595266186;22/10/2025;66186;ANTONIO MAZUREK;SC;GAROPABA;160888.0;904706;AQUARELA BAZZE 12 CORES CJTO;13.0;4.86;;;SABRI RIBEIRO REPRESENTACOES E COME;UNIDADE;DEFEITO;DERRETIMENTO;ABATIMENTO;GABRIELA SOUZA DOS SANTOS
4595280108;22/10/2025;80108;M M COMERCIO E SERVICOS LTDA;RS;CAXIAS DO SUL;126318.0;904706;AQUARELA BAZZE 12 CORES CJTO;31.0;4.37;;;MAX BREUEL E CIA LTDA;UNIDADE;DEFEITO;DERRETIMENTO;ABATIMENTO;ANDREIA AGUIAR GARCIA GASPARONI
4595330755;23/10/2025;30755;L H L DE C CASTRO;SP;LORENA;145188.0;905093;CANETA GEL TRIS RAINBOW 1.0 DP 24UN;8.0;3.74;;;REPRESENTACOES J C LEMOS LTDA;UNIDADE;DEFEITO;VAZANDO;ABATIMENTO;FABIANA DOS SANTOS CHAVES
4595773953;27/10/2025;73953;PAPELARIA E BRINQUEDOS FANTASIA LTDA;PR;CURITIBA;123832.0;904706;AQUARELA BAZZE 12 CORES CJTO;15.0;4.56;;;ETK REPRESENTACOES COMERCIAIS LTDA;UNIDADE;DEFEITO;DERRETIMENTO;ABATIMENTO;GABRIELA SOUZA DOS SANTOS
4595831961;28/10/2025;31961;SUELI KILPP ME;RS;NAO-ME-TOQUE;151937.0;905086;CANETA GEL TRIS HOLIC PRIME 0.5 DP 18UN;20.0;7.58;;;MAX BREUEL E CIA LTDA;UNIDADE;DEFEITO;VAZANDO;ABATIMENTO;ANDREIA AGUIAR GARCIA GASPARONI
4596866376;07/11/2025;66376;JVM UTILIDADES E ARTIGOS DE ARMARINHO LTDA;PB;ESPERANCA;155313.0;904706;AQUARELA BAZZE 12 CORES CJTO;12.0;4.88;58.56;;A E G REPRESENTACOES LTDA;UNIDADE;DEFEITO;VAZANDO;ABATIMENTO;ADRIANO FALCAO SARMENTO
4596631997;05/11/2025;31997;ROTULA PAPELARIA LTDA;RS;SANTA MARIA;160941.0;910745;COPO PLASTICO TRIS HOLIC SHAKE CX 1UN;1.0;18.09;18.09;;MAX BREUEL E CIA LTDA;UNIDADE;DEFEITO;QUEBRADO;ABATIMENTO;ANDREIA AGUIAR GARCIA GASPARONI
4596631997;05/11/2025;31997;ROTULA PAPELARIA LTDA;RS;SANTA MARIA;160941.0;912947;CADERNO PAUTADO DIAMANTE TRIS SHIMMY 70F;1.0;15.75;15.75;;MAX BREUEL E CIA LTDA;UNIDADE;DEFEITO;;ABATIMENTO;ANDREIA AGUIAR GARCIA GASPARONI
4596835714;07/11/2025;35714;STILL INFORMATICA LTDA ME;SP;CAPIVARI;161311.0;910547;CANETA BORR E APONT TRIS ROSE DP 12UN;1.0;5.84;5.84;;M Y YAMAMOTO REPRESENTACAO;UNIDADE;DEFEITO;FALTANDO O APONTADOR;ABATIMENTO;FABIANA DOS SANTOS CHAVES
4596835714;07/11/2025;35714;STILL INFORMATICA LTDA ME;SP;CAPIVARI;156002.0;909015;CANETA GEL APAGAVEL BAZZE 1.0MM DP24UN;6.0;3.515;21.09;;M Y YAMAMOTO REPRESENTACAO;UNIDADE;DEFEITO;SECA;ABATIMENTO;FABIANA DOS SANTOS CHAVES
4597174892;10/11/2025;74892;JAGUARPEL LTDA;SP;JAGUARIUNA;159705.0;614250;MARCADOR QDO BCO BAZZE SLIMCOLOR CART4UN;12.0;6.76;81.12;;M Y YAMAMOTO REPRESENTACAO;UNIDADE;DEFEITO;COR VERDE FALHANDO;ABATIMENTO;FABIANA DOS SANTOS CHAVES
4597280235;11/11/2025;80235;AZUL ROYAL COMERCIAL LTDA;PR;CURITIBA;128043.0;904706;AQUARELA BAZZE 12 CORES CJTO;25.0;3.987;99.68;;ETK REPRESENTACOES COMERCIAIS LTDA;UNIDADE;DEFEITO;VAZANDO;ABATIMENTO;GABRIELA SOUZA DOS SANTOS
4597532468;14/11/2025;32468;HOZANA MARIA TEIXEIRA MARQUES LIRA;PB;JOAO PESSOA;169029.0;909459;MALETA  ARTÍSTICA PAT CANINA 150PC;2.0;45.5;91.0;;A E G REPRESENTACOES LTDA;UNIDADE;DEFEITO;AMASSADAS;ABATIMENTO;ADRIANO FALCAO SARMENTO
4598678449;25/11/2025;78449;A DE NOVAIS ASEVEDO PEREIRA;BA;ABAIRA;169556.0;909336;GIZ CERA JUMBO MINIONS 12 CORES CX;24.0;5.52;132.48;;MAIRA BERILDA VIRGINIA FRANCO PINTO;CAIXA;TROCADO;DIGITAÇÃO INCORRETA;ABATIMENTO;MAIRA BERILDA VIRGINIA FRANCO PINTO
4608378284;02/03/2026;78284;XANGAI CHINA LOJAS DE DEPARTAMENTOS LTDA;PR;SAO JOSE DOS PINHAIS;134238.0;904706;AQUARELA BAZZE 12 CORES CJTO;27.0;3.9;105.46;;ETK REPRESENTACOES COMERCIAIS LTDA;UNIDADE;DEFEITO;DERRETIDAS;ABATIMENTO;GABRIELA SOUZA DOS SANTOS
4608376929;02/03/2026;76929;PAPELARIA IPE LTDA;MS;CAMPO GRANDE;165431.0;613024;GRAMP BAZZE B5314 40F METAL PTO UN;1.0;16.84;16.84;;REALSI REPRESENTACOES LTDA;UNIDADE;DEFEITO;;ABATIMENTO;ANDREIA AGUIAR GARCIA GASPARONI
4608376929;02/03/2026;76929;PAPELARIA IPE LTDA;MS;CAMPO GRANDE;158366.0;901675;GRAMP BAZZE B5325 25F PLAST UN;1.0;14.45;14.45;;REALSI REPRESENTACOES LTDA;UNIDADE;DEFEITO;;ABATIMENTO;ANDREIA AGUIAR GARCIA GASPARONI
4608376929;02/03/2026;76929;PAPELARIA IPE LTDA;MS;CAMPO GRANDE;165431.0;900098;TINTA CARIMBO BAZZE 40ML AZ DP 12UN;1.0;2.5;2.5;;REALSI REPRESENTACOES LTDA;UNIDADE;DEFEITO;;ABATIMENTO;ANDREIA AGUIAR GARCIA GASPARONI
4608329661;02/03/2026;29661;PAPELARIA FRADELLI LTDA;MS;CAMPO GRANDE;114743.0;613031;GRAMP BAZZE B5315 50F METAL UN;1.0;19.05;19.05;;REALSI REPRESENTACOES LTDA;UNIDADE;DEFEITO;;ABATIMENTO;ANDREIA AGUIAR GARCIA GASPARONI
4608329661;02/03/2026;29661;PAPELARIA FRADELLI LTDA;MS;CAMPO GRANDE;158177.0;618623;CALCULADORA BOLSO BAZZE B3401 CX 1UN;2.0;5.2;10.4;;REALSI REPRESENTACOES LTDA;UNIDADE;DEFEITO;;ABATIMENTO;ANDREIA AGUIAR GARCIA GASPARONI
4608329661;02/03/2026;29661;PAPELARIA FRADELLI LTDA;MS;CAMPO GRANDE;156233.0;614564;PERF BAZZE 2 FUROS B6210 10F METAL PTOUN;1.0;6.77;6.77;;REALSI REPRESENTACOES LTDA;UNIDADE;DEFEITO;;ABATIMENTO;ANDREIA AGUIAR GARCIA GASPARONI
4608329661;02/03/2026;29661;PAPELARIA FRADELLI LTDA;MS;CAMPO GRANDE;173668.0;909015;CANETA GEL APAGAVEL BAZZE 1.0MM DP24UN;25.0;3.6;90.0;;REALSI REPRESENTACOES LTDA;UNIDADE;DEFEITO;;ABATIMENTO;ANDREIA AGUIAR GARCIA GASPARONI
4608365136;02/03/2026;65136;PAPELARIA PAPEL DE OURO LTDA;MG;DIVINOPOLIS;122926.0;677347;GRAMPEADOR 26 6 T405 POP 15F PLAST DP6UN;1.0;116.887;11.69;;JONATAS GOMES DE SOUZA;UNIDADE;DEFEITO;;ABATIMENTO;ANDREIA AGUIAR GARCIA GASPARONI
4608365136;02/03/2026;65136;PAPELARIA PAPEL DE OURO LTDA;MG;DIVINOPOLIS;154052.0;904706;AQUARELA BAZZE 12 CORES CJTO;9.0;4.95;44.55;;JONATAS GOMES DE SOUZA;UNIDADE;DEFEITO;;ABATIMENTO;ANDREIA AGUIAR GARCIA GASPARONI
4608658495;05/03/2026;58495;JM MARTINS DE OLIVEIRA ME;ES;GUACUI;169722;909435;MALETA ARTÍSTICA PRINCESAS 50PC;1;50,4;50,4;;ISAMAR REPRESENTACOES COMERCIAIS LT;UNIDADE;DEFEITO;;ABATIMENTO;ANDREIA AGUIAR GARCIA GASPARONI
